PSNR,SSIM,MAE
12.927008628845215,0.7143213573650103,0.1918434202671051
12.163785934448242,0.5587516147051066,0.20798659324645996
11.91606616973877,0.6645372711828469,0.21424414217472076
10.758707046508789,0.6582564296989578,0.2417718768119812
12.83708667755127,0.5652074407761702,0.18588882684707642
11.804165840148926,0.5976174740236556,0.21325893700122833
13.12476921081543,0.5445076631695619,0.18197044730186462
14.734794616699219,0.7747817318574712,0.15191549062728882
12.737446784973145,0.5742405535644984,0.19083304703235626
12.175259590148926,0.5812675346279489,0.19963693618774414
13.262960433959961,0.6522680877587148,0.18149329721927643
12.698664665222168,0.6971111776384867,0.18064361810684204
13.446645736694336,0.6690435190061321,0.171907439827919
12.32431411743164,0.6721850304669751,0.2070450484752655
12.459863662719727,0.626630966215925,0.19493621587753296
15.213011741638184,0.7492648410804952,0.14169400930404663
12.858061790466309,0.6358346165349762,0.18193285167217255
14.581031799316406,0.7812813379892622,0.15070752799510956
13.171296119689941,0.6318760026141191,0.18394488096237183
13.007650375366211,0.6870325782912355,0.18244004249572754
12.877326011657715,0.691113790838209,0.19086380302906036
12.624140739440918,0.6405857246963661,0.19373886287212372
14.212069511413574,0.6937964247629178,0.16559818387031555
12.75135612487793,0.6283242504843943,0.18578168749809265
13.830720901489258,0.6741740247241007,0.1639660745859146
12.57513427734375,0.617637493894889,0.20132295787334442
12.401605606079102,0.6401276298080778,0.20448607206344604
13.5929536819458,0.6978200821883132,0.1729702353477478
13.065184593200684,0.6277720707939766,0.18281733989715576
12.990246772766113,0.7288661505628355,0.18949006497859955
14.005338668823242,0.6666638203911812,0.16872824728488922
13.635252952575684,0.7366663363583413,0.18131868541240692
14.436779022216797,0.7404523723761353,0.1519746333360672
13.43466854095459,0.6418665921534781,0.17920327186584473
12.98099422454834,0.5989763200810756,0.190021350979805
14.07784652709961,0.6880170363556063,0.162205770611763
11.957571029663086,0.4500899496772721,0.21441441774368286
12.75418472290039,0.6015930619304772,0.19890479743480682
14.550104141235352,0.6384925207287103,0.15388116240501404
15.06696605682373,0.6870675075277805,0.14267534017562866
11.876535415649414,0.5291991288565433,0.2174965888261795
13.923998832702637,0.6579952628510024,0.15896421670913696
14.371162414550781,0.7363135354855508,0.15441912412643433
13.29928207397461,0.6392485380279251,0.18024225533008575
13.500377655029297,0.5692149380752987,0.18008729815483093
15.433683395385742,0.7409829664420747,0.13707153499126434
12.888859748840332,0.6294326644122297,0.1986573189496994
13.018148422241211,0.6145308636114729,0.18754473328590393
14.812544822692871,0.7633146525262432,0.14762389659881592
14.219921112060547,0.7059985062273317,0.16139470040798187
13.710184097290039,0.5838257105346765,0.16411606967449188
14.337594985961914,0.6351056029234996,0.15938811004161835
13.34428596496582,0.7387120408576806,0.17307670414447784
13.866037368774414,0.6779323691484939,0.17202943563461304
14.697575569152832,0.7565103277569172,0.1575746387243271
15.729488372802734,0.6711259619910789,0.13437145948410034
12.098546981811523,0.5805494524878884,0.20739102363586426
12.07579231262207,0.6433373869949133,0.21601809561252594
13.497706413269043,0.6821032903050175,0.18113791942596436
13.885751724243164,0.7274249807545982,0.17290495336055756
13.981409072875977,0.7089075215584741,0.16225232183933258
12.950626373291016,0.650251457359046,0.19813479483127594
12.730073928833008,0.6623189290966557,0.19583897292613983
13.206581115722656,0.6677206862561661,0.18085423111915588
12.240599632263184,0.5408751898897831,0.20460979640483856
14.32833480834961,0.6092966063641786,0.15368424355983734
13.147917747497559,0.7044009675495743,0.18745116889476776
12.587152481079102,0.6362556394756541,0.20156385004520416
13.591678619384766,0.6980401639356295,0.1732030063867569
14.106609344482422,0.6672943072286024,0.165730282664299
13.745888710021973,0.6145067364054879,0.17298853397369385
13.542003631591797,0.7418554151799249,0.1774451583623886
12.794403076171875,0.6932926138794167,0.19988051056861877
16.30796241760254,0.7042413931076941,0.12687897682189941
16.323869705200195,0.7152483758730679,0.12435479462146759
14.63412094116211,0.575996528313285,0.15643882751464844
13.414874076843262,0.5919344076480366,0.17241497337818146
13.666929244995117,0.7083152334792963,0.18379195034503937
13.97658920288086,0.7073165874680829,0.1674720048904419
12.572097778320312,0.705524366132394,0.21338246762752533
13.642550468444824,0.6585671652666893,0.17956627905368805
16.726314544677734,0.6646875586028081,0.1192828118801117
15.613274574279785,0.7372495277046989,0.14049360156059265
14.452561378479004,0.7038698479782055,0.1577475666999817
14.49227237701416,0.7118606487867117,0.1635265201330185
14.200389862060547,0.6545042644961664,0.16609792411327362
16.42182159423828,0.7785987308962135,0.12503476440906525
14.262205123901367,0.5823630673024939,0.16428478062152863
12.520458221435547,0.625328498844286,0.21110188961029053
15.62867259979248,0.671818017708735,0.1365363746881485
16.428646087646484,0.8223389553221555,0.13044413924217224
14.723706245422363,0.6696797255492195,0.1494244635105133
14.060701370239258,0.6125214727647013,0.16860124468803406
15.100252151489258,0.7411796747233921,0.14733566343784332
13.854438781738281,0.7577137528241625,0.17740412056446075
15.100687026977539,0.6004707270681794,0.15008968114852905
17.132762908935547,0.6860050633460695,0.11124113947153091
18.344982147216797,0.7192989082196783,0.09188064187765121
18.120033264160156,0.7919705165121287,0.10598297417163849
16.364383697509766,0.8247806072939136,0.13751712441444397
13.6415376663208,0.5662713789890439,0.1799386888742447
12.23923110961914,0.7497601003354778,0.20609335601329803
13.797849655151367,0.6666833227486308,0.16295219957828522
16.406761169433594,0.6826086663153622,0.12900663912296295
14.567221641540527,0.6410240297341359,0.15149427950382233
17.596046447753906,0.7043516658086534,0.10453391075134277
15.11523151397705,0.7538424562575677,0.13373593986034393
16.39482879638672,0.5833783306747211,0.12693847715854645
13.41349983215332,0.5442919325363993,0.18217197060585022
15.009613990783691,0.6744954364462356,0.14507803320884705
13.580110549926758,0.7114719511113584,0.16848792135715485
16.33720588684082,0.7377405079270712,0.12489908933639526
15.112919807434082,0.7170588373733351,0.1580345183610916
17.022506713867188,0.713985092822539,0.11567845940589905
14.982215881347656,0.6782704264383266,0.15340034663677216
12.278511047363281,0.5737439606189144,0.21800677478313446
8.232447624206543,0.625837975574719,0.33142778277397156
16.517736434936523,0.6728407406857804,0.12837468087673187
17.69008445739746,0.7278944556709126,0.10880017280578613
16.499107360839844,0.8116143266997535,0.11993762850761414
11.790454864501953,0.7353850684641632,0.1754046529531479
16.175128936767578,0.7680628646392091,0.12271035462617874
15.458864212036133,0.6831431989836163,0.13923996686935425
19.12188720703125,0.770517897631881,0.08599567413330078
16.332801818847656,0.7705069711723659,0.13794054090976715
14.955759048461914,0.7598600569048716,0.13221971690654755
16.321535110473633,0.6826875815185013,0.12569931149482727
12.882685661315918,0.6662397172687233,0.19398093223571777
17.65028190612793,0.7401517717362067,0.10671339184045792
18.365917205810547,0.756597089616758,0.10247873514890671
17.590391159057617,0.7522811313856871,0.11375939846038818
17.200374603271484,0.7225653682071035,0.11321402341127396
17.409324645996094,0.6411406809198986,0.11302702128887177
19.665353775024414,0.7586142324429592,0.0798877701163292
14.606317520141602,0.5749756965547537,0.15839959681034088
16.08696937561035,0.7039691341872087,0.13816601037979126
15.320915222167969,0.6368437688678029,0.1517600566148758
14.119693756103516,0.7531714453592517,0.16595815122127533
12.01475715637207,0.7201172404916983,0.20966002345085144
13.320795059204102,0.7127210821790404,0.1763460785150528
15.060739517211914,0.7021748449924795,0.14288128912448883
18.044883728027344,0.8270814831839329,0.09355184435844421
14.101629257202148,0.7409344079197328,0.17053110897541046
15.879121780395508,0.6924895955988163,0.1281721591949463
17.497522354125977,0.7735486608124752,0.10242495685815811
15.821487426757812,0.6911531501311701,0.12924854457378387
13.329659461975098,0.7405679469798289,0.16393455862998962
15.349278450012207,0.7008468987821362,0.15096645057201385
11.835121154785156,0.7338559718893657,0.214316263794899
10.007166862487793,0.6783045437508739,0.2379947006702423
14.575648307800293,0.6882338160749666,0.15477679669857025
15.431295394897461,0.7454924671929207,0.13077504932880402
15.372284889221191,0.6991809826863336,0.14493508636951447
14.555866241455078,0.8166057007433206,0.15021085739135742
15.261082649230957,0.7726845766744914,0.1505267173051834
13.280317306518555,0.6700666656301639,0.18222348392009735
12.262734413146973,0.6901283379280241,0.2124573141336441
15.521299362182617,0.6793183719477052,0.13035359978675842
15.625592231750488,0.7359269655308968,0.13911715149879456
13.705550193786621,0.6174145050400934,0.18346558511257172
16.796472549438477,0.7246338253068969,0.12088286876678467
13.886539459228516,0.7842250673486707,0.14677643775939941
14.9821138381958,0.7349432323323882,0.14923633635044098
15.15048885345459,0.6783393563592499,0.15298572182655334
17.221792221069336,0.7029191140614114,0.11523782461881638
13.308460235595703,0.7199246764627604,0.19579759240150452
15.567493438720703,0.6294845125400066,0.13293719291687012
16.032655715942383,0.7765479683266906,0.12953634560108185
19.209993362426758,0.7411851696872979,0.08921856433153152
16.14866065979004,0.717443198907139,0.12410841882228851
15.897741317749023,0.7024216282655078,0.1316143423318863
14.701591491699219,0.7081595431512144,0.15869572758674622
18.189905166625977,0.6997318956510086,0.09832345694303513
20.580503463745117,0.7414351936108784,0.0698937401175499
17.302248001098633,0.6787873216141629,0.10767915844917297
16.580665588378906,0.6606090828070403,0.12423759698867798
11.157430648803711,0.7609065461556628,0.21685126423835754
15.976910591125488,0.7630864870133454,0.13876590132713318
10.524505615234375,0.561115295734888,0.25701916217803955
16.423648834228516,0.6866754744227587,0.12851795554161072
13.420934677124023,0.7722444372350478,0.17922382056713104
17.510549545288086,0.7403004038536869,0.10034321993589401
15.949728012084961,0.6923958142042266,0.12843509018421173
14.088167190551758,0.7579612291733259,0.1680048406124115
11.458833694458008,0.6286943955022907,0.20099201798439026
14.220346450805664,0.7492278268019167,0.15055535733699799
17.81357192993164,0.7582188742747307,0.10501738637685776
16.088726043701172,0.6582649784025484,0.13072995841503143
14.97549057006836,0.6745490438212103,0.13596020638942719
14.186552047729492,0.6627185667021531,0.16517454385757446
16.53065299987793,0.7483354593739188,0.11937174946069717
13.253576278686523,0.5230269220835626,0.1912381500005722
17.22298240661621,0.7470121093847476,0.11974212527275085
16.25858497619629,0.7048888184447057,0.13397696614265442
15.093563079833984,0.7713924422348487,0.14719857275485992
17.33521842956543,0.7867918049098006,0.11666807532310486
16.664567947387695,0.7440868818365687,0.12474681437015533
18.63827133178711,0.7677930603034785,0.09211654961109161
18.28746795654297,0.7750160114865872,0.0955159068107605
15.226930618286133,0.7700614485332024,0.13727544248104095
16.340476989746094,0.7564549930507322,0.1287057101726532
13.504923820495605,0.7428720527904641,0.17669449746608734
16.661718368530273,0.8071121882611758,0.12377951294183731
11.576260566711426,0.6393834662849712,0.2259174883365631
17.133142471313477,0.8168029230867858,0.1206742450594902
17.186111450195312,0.6981644854208016,0.11484109610319138
14.956750869750977,0.7600867981169315,0.13512280583381653
16.85736083984375,0.7639151108496673,0.12760266661643982
17.86746597290039,0.7736999604468945,0.10919348150491714
17.44590950012207,0.806845449741216,0.10403203964233398
12.390885353088379,0.6033703501546163,0.20847073197364807
13.27831745147705,0.664822752565213,0.17873336374759674
18.443485260009766,0.7425604286576079,0.10022281110286713
19.33414649963379,0.7267846767914967,0.0895247533917427
17.367881774902344,0.6505008631219802,0.10744472593069077
16.719926834106445,0.7691473226325314,0.1287408471107483
16.093156814575195,0.6269386511985301,0.12666495144367218
15.837201118469238,0.7051927653633145,0.13842356204986572
13.503790855407715,0.7382123285800424,0.18169640004634857
11.898958206176758,0.6281682492690817,0.22685422003269196
16.563030242919922,0.5718609680008249,0.12260687351226807
14.12772274017334,0.6740989398161612,0.1751476675271988
16.892396926879883,0.7034521492313092,0.11474592238664627
12.629020690917969,0.7104393837859342,0.1697612851858139
17.61199951171875,0.6595558739109854,0.1120980903506279
15.88967514038086,0.7728939015771397,0.12481235712766647
16.235443115234375,0.7959842303617967,0.13431231677532196
16.4774169921875,0.6671821850163648,0.12409317493438721
16.66715431213379,0.685698212067852,0.12290462106466293
14.079813957214355,0.733674700050762,0.16952261328697205
15.505205154418945,0.6922546581237026,0.13288725912570953
16.48363494873047,0.7657053892357092,0.13264155387878418
16.835350036621094,0.7374058566778908,0.11969649791717529
13.745418548583984,0.7230407380799269,0.1695045679807663
15.534600257873535,0.7481757875344119,0.1326315850019455
15.554080963134766,0.7501791032322193,0.13777707517147064
17.265989303588867,0.7680280825725898,0.11302298307418823
13.553258895874023,0.631819818604159,0.18279346823692322
14.098077774047852,0.7464531920385628,0.1577242910861969
16.41208267211914,0.6992655588558842,0.1301075518131256
15.609196662902832,0.6084808593966684,0.13908836245536804
17.88999366760254,0.7070525606797611,0.1037912666797638
14.495548248291016,0.5398737221060997,0.16385434567928314
16.737930297851562,0.7409099174216782,0.12381312996149063
13.040980339050293,0.7032121339174674,0.18488159775733948
15.90446949005127,0.7276462078814443,0.13759472966194153
16.055988311767578,0.7749771411000704,0.13725580275058746
13.34107494354248,0.6193076960034054,0.18510732054710388
15.666232109069824,0.779704987743981,0.12805034220218658
15.205353736877441,0.681725720525032,0.13707755506038666
14.032849311828613,0.7453553144539081,0.14903861284255981
13.903039932250977,0.6844256036905348,0.18356440961360931
17.427553176879883,0.7482236479593063,0.11348699033260345
19.339771270751953,0.7894150177745359,0.08485373109579086
18.188369750976562,0.7054724530062584,0.0989617332816124
14.065460205078125,0.7153559616993924,0.16818824410438538
18.51002311706543,0.8511008304102439,0.09550082683563232
16.945693969726562,0.6824328470212468,0.11696050316095352
15.670523643493652,0.7003719855954305,0.1435547173023224
19.60832405090332,0.6594511492076355,0.0807206928730011
16.44096565246582,0.7663450220639881,0.1274116337299347
17.92475128173828,0.7934104246126904,0.10488416254520416
16.541635513305664,0.670375003312072,0.125177800655365
19.579336166381836,0.8313886257898789,0.08394726365804672
15.770573616027832,0.7417742506469106,0.11985398083925247
17.242624282836914,0.7623767539149592,0.10278662294149399
16.408632278442383,0.719877449301767,0.13240374624729156
15.553425788879395,0.7557454011344927,0.14150813221931458
10.599357604980469,0.7043362507282267,0.24418364465236664
14.583593368530273,0.7499407623674126,0.16309382021427155
13.764056205749512,0.6096098918018868,0.18762604892253876
17.63899040222168,0.7056336481659449,0.10164681077003479
13.984243392944336,0.7297592314177572,0.16965948045253754
14.010583877563477,0.6014635909890251,0.17956042289733887
17.338037490844727,0.7680453232256806,0.1139877513051033
14.168743133544922,0.7246760346630055,0.1488064080476761
20.076396942138672,0.7346300464135406,0.07923420518636703
11.285056114196777,0.7196315584747318,0.2379114180803299
13.916272163391113,0.7461891815547961,0.1709168553352356
16.747013092041016,0.7660849060808617,0.12218070030212402
13.073095321655273,0.6957562761239799,0.17427033185958862
15.759258270263672,0.7606595369637978,0.13742485642433167
17.79317855834961,0.7892689107364181,0.10401350259780884
12.820016860961914,0.6966532186078584,0.17169827222824097
9.782154083251953,0.6034540834615679,0.27484843134880066
14.050684928894043,0.6153856612958135,0.1567709892988205
12.486599922180176,0.6148428485906675,0.19580763578414917
14.439096450805664,0.7330107614002235,0.1588723063468933
14.3439302444458,0.6047943988071376,0.15876604616641998
12.40544319152832,0.6731307805911023,0.2033824622631073
16.82868766784668,0.7483610346611003,0.12042330950498581
14.515850067138672,0.6795913103594757,0.152931347489357
18.72854232788086,0.8134790238666841,0.0964287742972374
17.237092971801758,0.6975927990972083,0.11212105304002762
16.795303344726562,0.757487388785497,0.12261351197957993
15.683992385864258,0.6759781206460889,0.12104424834251404
17.200027465820312,0.7734561097446179,0.11918766051530838
18.208354949951172,0.6733899281654714,0.09879667311906815
17.326997756958008,0.8104829234254577,0.1076471358537674
15.579031944274902,0.732211961809874,0.1381954848766327
16.36712074279785,0.7751222164226361,0.13284775614738464
19.98705291748047,0.7547180151484505,0.07613981515169144
18.27894401550293,0.7360298725238106,0.10338965058326721
16.460784912109375,0.7757889381984454,0.13774456083774567
17.080175399780273,0.7276320714858053,0.11438506841659546
18.785160064697266,0.6269860212902321,0.09361456334590912
16.813840866088867,0.7220223299332283,0.11028381437063217
15.988059997558594,0.7741550274291229,0.14541572332382202
19.199913024902344,0.7594359215336488,0.08769844472408295
17.301673889160156,0.7785915089413471,0.11412712931632996
19.079139709472656,0.8230552808848972,0.08907787501811981
15.578764915466309,0.6590566849098414,0.1379714161157608
17.702640533447266,0.7720070965510399,0.10959398746490479
17.5167293548584,0.8326383553639938,0.11076448857784271
15.817399978637695,0.6667855857897514,0.14301562309265137
16.368450164794922,0.6417582305792304,0.1229720413684845
16.046640396118164,0.7073167856010477,0.13914525508880615
18.813709259033203,0.79115780366426,0.09389698505401611
17.17176628112793,0.7234309831880319,0.12221577763557434
17.934114456176758,0.6869412933350127,0.09782472997903824
14.347201347351074,0.729148911206954,0.15585631132125854
17.3623104095459,0.734838910976275,0.11433881521224976
13.197280883789062,0.70865231378752,0.1942591667175293
13.436442375183105,0.67271801911271,0.1633691042661667
17.64805030822754,0.7757668070173879,0.11095073819160461
15.237836837768555,0.6763498401031552,0.14571593701839447
16.735620498657227,0.7923641954596569,0.13317538797855377
17.14653778076172,0.7131831261249177,0.11368952691555023
17.84365463256836,0.7602586058829708,0.10666389018297195
18.812009811401367,0.7163802638600969,0.0941997766494751
18.649599075317383,0.7954820561740924,0.0972898006439209
15.69626235961914,0.7274595191370835,0.13750632107257843
15.455912590026855,0.7166787572459576,0.14847689867019653
12.652658462524414,0.7031219255246849,0.20467747747898102
17.962257385253906,0.7342821002722624,0.10342458635568619
15.533900260925293,0.7518218869259188,0.13910751044750214
14.496106147766113,0.7819342329646003,0.15465952455997467
9.835766792297363,0.5878806993433897,0.27810266613960266
20.77471160888672,0.7738668274523314,0.07718224078416824
17.600561141967773,0.7530500067438951,0.1087828278541565
16.645784378051758,0.6019062108281001,0.11745069921016693
13.655847549438477,0.7744891365482199,0.173143669962883
15.159265518188477,0.7192292070139538,0.13649038970470428
13.788352012634277,0.69598113461812,0.17766186594963074
15.673938751220703,0.7329530239150049,0.12143561244010925
13.036035537719727,0.7169245887918292,0.1856171190738678
18.76767921447754,0.8126545179463781,0.0912533774971962
16.192731857299805,0.719807271243109,0.13383610546588898
11.700679779052734,0.6907682745627106,0.18903754651546478
15.692422866821289,0.7402377442875581,0.1418379545211792
18.17734718322754,0.6839896582254922,0.09709721058607101
14.87612533569336,0.6766430700344579,0.1501752883195877
13.309316635131836,0.6109625885097493,0.18568772077560425
11.601619720458984,0.6958760374087396,0.2208154946565628
12.638777732849121,0.675559589904002,0.19549058377742767
15.29562759399414,0.7604636486772158,0.1492304503917694
16.154190063476562,0.6751070935183606,0.12865692377090454
17.170574188232422,0.7081087801234734,0.1131538674235344
16.9537296295166,0.7168554642586211,0.11956333369016647
12.98186206817627,0.7677378121827524,0.19286571443080902
16.827320098876953,0.77947701581265,0.12724953889846802
16.42763900756836,0.7375479201505329,0.12474529445171356
16.45536231994629,0.7180685461105932,0.11382630467414856
16.677587509155273,0.6854613964669096,0.12073203176259995
16.360591888427734,0.7145453124487198,0.12970058619976044
16.48495864868164,0.6708255837984556,0.12899501621723175
16.20343589782715,0.6952810360274772,0.1301788091659546
12.72315502166748,0.6099335770380072,0.18562904000282288
16.95713996887207,0.8404489068145788,0.11044460535049438
18.05245590209961,0.6618750766724548,0.09762020409107208
17.429378509521484,0.7685807399425507,0.10822697728872299
13.346181869506836,0.6788073391912864,0.17610079050064087
15.353267669677734,0.7903956444568936,0.14920349419116974
15.593297958374023,0.6805740554634828,0.1333441138267517
14.0642728805542,0.6441021858246855,0.15586349368095398
17.867122650146484,0.7145044720970489,0.10503717511892319
17.102581024169922,0.777930041994319,0.11347496509552002
12.284780502319336,0.6701103593682219,0.20799505710601807
16.628604888916016,0.7610507634705505,0.12623290717601776
17.587697982788086,0.8088467493467952,0.11006736010313034
17.148134231567383,0.7250778790944984,0.11829687654972076
14.376880645751953,0.7264530281233385,0.16174374520778656
14.320962905883789,0.7504017287837097,0.15078988671302795
16.869369506835938,0.76170259949479,0.12064168602228165
16.052764892578125,0.7008698222636104,0.12965567409992218
18.648160934448242,0.8002643245862081,0.09979091584682465
15.388935089111328,0.6454407136772682,0.1449335664510727
16.202960968017578,0.7431698575032141,0.13239742815494537
13.596721649169922,0.5980596831224371,0.18006381392478943
17.483251571655273,0.8319065339056652,0.10281437635421753
18.21904754638672,0.7114504458729992,0.09626748412847519
17.97351837158203,0.8000545570942873,0.10573146492242813
14.950950622558594,0.779642747104652,0.1496022641658783
14.381569862365723,0.6850617078191104,0.15712212026119232
15.515079498291016,0.6550413323442946,0.1461792141199112
13.491357803344727,0.7057835052502491,0.19220300018787384
18.130491256713867,0.8232406505627794,0.10601946711540222
16.65967559814453,0.7290755324363999,0.11891878396272659
17.10940933227539,0.7534679769860496,0.12113157659769058
16.601757049560547,0.8279294186574595,0.1230815201997757
13.771627426147461,0.6205866090065234,0.17367134988307953
15.398224830627441,0.6943562121512356,0.13912047445774078
14.021973609924316,0.7175698351481069,0.1597910225391388
15.257624626159668,0.7803541721671271,0.16207562386989594
16.366376876831055,0.7241007144189702,0.12297018617391586
12.063822746276855,0.6844246408064578,0.2043992280960083
18.10162353515625,0.7171821167246365,0.09722847491502762
16.751705169677734,0.7624418883695943,0.11746662110090256
15.500778198242188,0.7216968348588566,0.13719268143177032
16.2736873626709,0.6770702395541639,0.13438282907009125
15.563589096069336,0.7075984542943696,0.1406550407409668
15.854862213134766,0.6857759324533232,0.13716712594032288
19.858951568603516,0.7845314013027928,0.08586829155683517
16.23532485961914,0.8047223143907628,0.13469679653644562
21.624557495117188,0.7834284373766929,0.06199534609913826
18.02513313293457,0.791067880740245,0.09532786905765533
13.81300163269043,0.7669659263783649,0.17074820399284363
14.26097297668457,0.6436710251022384,0.16181965172290802
14.696392059326172,0.7941646390774476,0.15897591412067413
19.02626609802246,0.7443797519980003,0.08887294679880142
17.351306915283203,0.6455960525827267,0.1066596657037735
14.95937728881836,0.6799267346473081,0.16209587454795837
11.616819381713867,0.6428148425440511,0.18594132363796234
16.826953887939453,0.7254443927684073,0.11880861967802048
16.897968292236328,0.7066119905405088,0.11955909430980682
17.445844650268555,0.7371026172831163,0.11218402534723282
18.304431915283203,0.7910293698789762,0.10263096541166306
16.922164916992188,0.7316693687635862,0.1155206635594368
14.193506240844727,0.6579357891661267,0.16345719993114471
17.367849349975586,0.7491210564556786,0.11889898031949997
17.929256439208984,0.6645043837083981,0.10291166603565216
14.43543529510498,0.714363864555497,0.14916449785232544
11.365922927856445,0.6796643618660536,0.2240186184644699
18.08715057373047,0.6669383525925879,0.09487319737672806
14.785865783691406,0.683539644657097,0.14869073033332825
15.409936904907227,0.7809910641033951,0.13997188210487366
16.690061569213867,0.7710758786221743,0.12374268472194672
13.212181091308594,0.7391286019948828,0.18886850774288177
17.425508499145508,0.8371171284143686,0.11891716718673706
19.5585994720459,0.7786029037546802,0.09071329981088638
15.051255226135254,0.6393504142987205,0.1472153514623642
17.1031494140625,0.7150231740901989,0.11384636908769608
19.765335083007812,0.8078451931907239,0.08424968272447586
14.618375778198242,0.7770573159826012,0.15105456113815308
15.265384674072266,0.6513004148177198,0.1432061791419983
22.839033126831055,0.8365184957942329,0.0574072040617466
18.911026000976562,0.7656746384063056,0.08908922970294952
13.15046501159668,0.722724153252635,0.18085815012454987
13.85205078125,0.6596419128097367,0.15337228775024414
13.715255737304688,0.7488764640071937,0.17149120569229126
16.780113220214844,0.6922777585534208,0.1226835697889328
11.970768928527832,0.7017745097203962,0.19269779324531555
17.203065872192383,0.815171251347201,0.11349084228277206
14.769673347473145,0.6684547087307804,0.15047502517700195
13.05158805847168,0.5973850560206784,0.18793724477291107
14.385354995727539,0.648245631379173,0.15981775522232056
14.208436965942383,0.7431457428482712,0.1674128919839859
17.685426712036133,0.7505430611925874,0.09983021020889282
14.471220016479492,0.7182592517429233,0.15193016827106476
15.788654327392578,0.7329748689108115,0.1351076364517212
15.638035774230957,0.7187424441962369,0.14115430414676666
14.257649421691895,0.7336423382101998,0.15193341672420502
12.962539672851562,0.7390929160174795,0.1715618520975113
16.459503173828125,0.7041203966762786,0.12958408892154694
16.357593536376953,0.8185942305795622,0.11169452965259552
14.380941390991211,0.6748887181277883,0.16434253752231598
19.880332946777344,0.8023919713412611,0.07882456481456757
17.761207580566406,0.6871620203684938,0.10933268070220947
18.742591857910156,0.822484172483519,0.09527821093797684
13.749674797058105,0.7094390604643578,0.1746361404657364
17.83379364013672,0.729764965516623,0.10595989972352982
16.26634407043457,0.7444386219893319,0.1319354623556137
15.7020902633667,0.7394887113419275,0.133062481880188
14.841165542602539,0.7017996127884565,0.15334980189800262
18.45859718322754,0.755784201343643,0.09304863214492798
11.533018112182617,0.6749759208142834,0.21870915591716766
13.584196090698242,0.6683904146685081,0.1891811639070511
14.557782173156738,0.628571516618763,0.15550437569618225
11.159090042114258,0.723895951133536,0.2329925298690796
17.993980407714844,0.6775093805661943,0.10117929428815842
13.808891296386719,0.7378916744193896,0.17758303880691528
15.623287200927734,0.6284534652953192,0.13887225091457367
15.193619728088379,0.627967912091704,0.14652009308338165
15.194833755493164,0.6555627105315284,0.14796777069568634
16.861915588378906,0.6914145211198472,0.11960243433713913
15.675287246704102,0.5706152213856497,0.13307927548885345
14.867571830749512,0.7118100512440034,0.16218605637550354
13.01266860961914,0.7273092455899367,0.1871013194322586
12.611903190612793,0.7053510317051497,0.21004199981689453
17.412059783935547,0.7812832214357214,0.11473450809717178
16.434724807739258,0.7651777032647413,0.13298483192920685
13.662260055541992,0.7655173392723078,0.16916026175022125
13.205828666687012,0.6632946455340559,0.18454602360725403
11.521585464477539,0.7230034735757019,0.24314509332180023
19.61577606201172,0.7533176349151648,0.08511962741613388
12.873726844787598,0.7227239359828239,0.1795782595872879
17.412330627441406,0.7669338421813174,0.11414223164319992
14.483985900878906,0.7237792869180457,0.1653590053319931
12.298303604125977,0.6485212726510866,0.1976516991853714
15.95251178741455,0.6748336497750029,0.13113942742347717
14.81184196472168,0.793986086835838,0.15434065461158752
17.416128158569336,0.7615140206542572,0.11178767681121826
18.11080551147461,0.7786536026778816,0.10263889282941818
16.101375579833984,0.6893919576614659,0.12171085923910141
16.503692626953125,0.6493887246403848,0.12312435358762741
15.19168758392334,0.7523972767891759,0.14324571192264557
17.84912109375,0.784823019309182,0.10880392789840698
15.693440437316895,0.7643745014492619,0.13708727061748505
17.20594596862793,0.8150310698343004,0.11470764130353928
17.440011978149414,0.7684738232475413,0.10353261977434158
17.15694236755371,0.7278249329898818,0.11135514080524445
17.142934799194336,0.6944502286073012,0.11515707522630692
16.431774139404297,0.7106838914567475,0.12817591428756714
16.149574279785156,0.7657369497408107,0.1379670798778534
14.640754699707031,0.7653537832935512,0.1480039656162262
17.409833908081055,0.6505382281271279,0.11002784222364426
15.163308143615723,0.8065747989483085,0.15105167031288147
18.851163864135742,0.7979602045113652,0.08974585682153702
15.680107116699219,0.8219252532403938,0.11856764554977417
13.722715377807617,0.6598707492038796,0.16394488513469696
15.700450897216797,0.7615270499267208,0.13872821629047394
16.531021118164062,0.7228833811444789,0.12423990666866302
17.132301330566406,0.7823156898237962,0.10367799550294876
17.295610427856445,0.7105428180693638,0.11051979660987854
19.86600112915039,0.7542101700407019,0.07999079674482346
15.25984001159668,0.6708365589685849,0.14164724946022034
17.51850700378418,0.613301519867721,0.10670770704746246
19.440698623657227,0.7906888565479883,0.09371344745159149
13.768468856811523,0.6745495384038376,0.17147855460643768
11.667627334594727,0.6822292319521848,0.19649353623390198
11.887678146362305,0.6903455117955571,0.19921284914016724
19.468002319335938,0.8233309194699768,0.09291119873523712
18.16985511779785,0.7396348951774318,0.09715379029512405
16.355388641357422,0.7131947849933432,0.12449909001588821
13.762721061706543,0.7137184696597453,0.17812207341194153
14.582998275756836,0.6875420473804174,0.16346946358680725
14.139387130737305,0.7654959278529874,0.1716088354587555
20.04433822631836,0.7240664659576171,0.0790795087814331
19.76911163330078,0.6768453885805545,0.08313579857349396
19.58749008178711,0.8470464091789163,0.08453685790300369
15.453607559204102,0.7198327118072498,0.15048134326934814
17.618850708007812,0.7808547673384959,0.11225779354572296
18.568323135375977,0.6283253286252913,0.09008427709341049
16.01132583618164,0.6593635355983474,0.13581043481826782
14.460927963256836,0.6650850414390674,0.16875049471855164
16.86134147644043,0.8081205288701724,0.11960279941558838
16.977495193481445,0.7489978900200438,0.12003189325332642
16.086708068847656,0.7386539160137341,0.1326049119234085
11.817649841308594,0.7671048659126262,0.2062128484249115
12.235125541687012,0.6623129722260618,0.1880972683429718
17.85499382019043,0.7707233575379071,0.10140475630760193
18.133808135986328,0.7732389679782037,0.10671018064022064
18.466297149658203,0.6502278598899259,0.09975124150514603
15.592535018920898,0.6057043527416127,0.1500798463821411
12.919650077819824,0.7277625332001629,0.1805231124162674
18.341556549072266,0.8065276963863923,0.10439474880695343
17.350109100341797,0.7793491170084905,0.11358357220888138
18.151287078857422,0.7200641441519596,0.10163763165473938
12.330081939697266,0.7299564780907837,0.18951308727264404
17.648456573486328,0.8204378129949855,0.1132572814822197
20.446456909179688,0.771723186446948,0.07701997458934784
16.22702407836914,0.7562001006000656,0.13383056223392487
18.463245391845703,0.7061617202792291,0.09708353877067566
15.290178298950195,0.7857779459061079,0.12693050503730774
17.466211318969727,0.7791904638638636,0.10415248572826385
13.849939346313477,0.7300591276716324,0.17428717017173767
14.748749732971191,0.7939639622248139,0.13172495365142822
18.08121109008789,0.7828168621918061,0.10489996522665024
15.894620895385742,0.6765334876520651,0.14399480819702148
17.73093032836914,0.7202526848338108,0.10510961711406708
15.825063705444336,0.7563137832595955,0.13944444060325623
18.046716690063477,0.6866549946087795,0.10610425472259521
17.85965919494629,0.7751171349306318,0.09251336753368378
16.863208770751953,0.674115598022421,0.11851925402879715
15.41952896118164,0.6799405253663363,0.14098046720027924
13.237997055053711,0.5154462635887285,0.1960434466600418
12.556188583374023,0.7418557868539511,0.18569408357143402
12.986892700195312,0.7083016683580347,0.1894180327653885
18.815385818481445,0.7993466297730295,0.09312193840742111
15.958648681640625,0.6966318353692994,0.1383710354566574
19.61278533935547,0.8060811574523175,0.08567554503679276
14.486618995666504,0.6521148831586355,0.1588609218597412
22.085206985473633,0.7711654857131234,0.06138871610164642
12.937041282653809,0.6956782536697786,0.18532760441303253
14.690240859985352,0.6245523752068293,0.16056087613105774
17.28854751586914,0.7301512294491015,0.11873754113912582
15.519732475280762,0.7910268163978303,0.1420625001192093
18.466596603393555,0.8338513958852595,0.10387085378170013
15.371992111206055,0.6358544206217851,0.14690402150154114
19.200780868530273,0.811854418150886,0.0918155312538147
17.384052276611328,0.7940726127224322,0.11834850162267685
17.767576217651367,0.7726676569414738,0.11474377661943436
17.601703643798828,0.7540752467113201,0.10782060772180557
16.856380462646484,0.7460215170527174,0.12030185759067535
18.250328063964844,0.7680463285638905,0.10527580231428146
15.543027877807617,0.7448447181478534,0.139826238155365
17.488143920898438,0.7864759520941054,0.10832571983337402
16.59255027770996,0.7640160820536926,0.12144462019205093
16.66558074951172,0.7594431957908487,0.12452293187379837
14.42085075378418,0.7522318776703629,0.14392374455928802
17.322956085205078,0.7504722820396091,0.12001848965883255
15.233006477355957,0.7264152792351247,0.14868222177028656
14.2332181930542,0.758273936158185,0.14739829301834106
17.030105590820312,0.7602027278105062,0.12272536009550095
19.434324264526367,0.7842148146256638,0.08826754987239838
16.130931854248047,0.7158260509077364,0.12943139672279358
17.331926345825195,0.8310658407853925,0.1158415824174881
11.449441909790039,0.6108831978324548,0.22005996108055115
15.407303810119629,0.6214398507520615,0.13795655965805054
16.393606185913086,0.8013814319720746,0.11206302046775818
15.973576545715332,0.7041549836619571,0.13519249856472015
15.240870475769043,0.7435381767915759,0.141951322555542
14.503700256347656,0.7238226074612129,0.15937526524066925
16.204044342041016,0.6959852380538178,0.12541474401950836
16.42084312438965,0.7292424014388375,0.13035543262958527
14.00449275970459,0.7216148528865844,0.16822054982185364
19.158884048461914,0.8006547541472478,0.08347797393798828
12.541608810424805,0.7415140443306434,0.17625638842582703
18.462717056274414,0.6716748627986635,0.09749038517475128
15.966944694519043,0.7154161745409156,0.13279199600219727
17.089202880859375,0.7338216939668265,0.11322751641273499
19.32351303100586,0.789552416816915,0.08784989267587662
12.508977890014648,0.7629565752292934,0.21871888637542725
14.894487380981445,0.7731644198837034,0.13639329373836517
17.877805709838867,0.8104762233486955,0.11233635246753693
17.074739456176758,0.7364425600685726,0.11949805915355682
15.289840698242188,0.6869115868530395,0.15176603198051453
16.323410034179688,0.7748090451374582,0.12989221513271332
19.233720779418945,0.781053544547227,0.0879528671503067
20.614025115966797,0.7693341083439209,0.07392821460962296
15.298440933227539,0.7409195673303912,0.14566707611083984
16.723434448242188,0.6920783422002817,0.12259311974048615
16.68451499938965,0.7304471066390646,0.12392045557498932
13.788829803466797,0.6982144966230749,0.16085775196552277
16.822906494140625,0.7003479654365483,0.11990314722061157
15.773038864135742,0.7177973499927818,0.12717823684215546
18.142608642578125,0.7582825405453882,0.10218378901481628
17.278125762939453,0.6941682934555575,0.1157919317483902
18.176719665527344,0.6915670882782626,0.10336702316999435
16.834331512451172,0.7150607696487343,0.11833137273788452
12.526961326599121,0.7206078551330148,0.20195108652114868
14.584108352661133,0.7346282661005369,0.16167929768562317
19.286718368530273,0.7943548709157204,0.0884658619761467
17.411439895629883,0.7485267216550192,0.11586712300777435
17.932573318481445,0.8008006216770575,0.10714282840490341
17.72098159790039,0.6771586761935384,0.10971985757350922
16.526020050048828,0.7164439965191814,0.12551718950271606
16.780040740966797,0.727135434166592,0.1205955445766449
17.878555297851562,0.6985866803806537,0.10846138000488281
16.47392463684082,0.834086837888699,0.11268728226423264
15.344185829162598,0.7285655949438244,0.15589483082294464
17.126073837280273,0.7134524619156382,0.10755375772714615
19.54408073425293,0.7590782650393068,0.07291168719530106
16.548561096191406,0.7555447909970258,0.12860770523548126
16.2902889251709,0.8078031849248829,0.13413122296333313
11.219462394714355,0.688160414428165,0.21150612831115723
18.603025436401367,0.7416253883133878,0.09452220052480698
15.538281440734863,0.8399717391741266,0.1507977694272995
14.128209114074707,0.7703868843861408,0.16086897253990173
19.07208824157715,0.6963266266117643,0.09282735735177994
14.483952522277832,0.6667253636797722,0.154070183634758
16.449840545654297,0.6871615046331007,0.11758806556463242
15.666257858276367,0.7414721132147494,0.13482657074928284
16.65262222290039,0.7525322270191237,0.12280412763357162
17.405000686645508,0.7987925021863045,0.10558486729860306
15.645193099975586,0.7672483271886904,0.1434130072593689
15.252503395080566,0.7974865560509031,0.1310126930475235
19.563888549804688,0.8008320076738785,0.08299761265516281
15.06106948852539,0.5922297888186361,0.15054771304130554
16.073949813842773,0.7097175142048244,0.11972329020500183
18.06370735168457,0.7452760537222921,0.0997161790728569
18.028562545776367,0.6388675419460204,0.1041518971323967
19.447811126708984,0.7571849913016357,0.08833571523427963
16.408611297607422,0.8056947009369382,0.1305735856294632
17.695453643798828,0.7204375572768638,0.10775207728147507
19.661212921142578,0.774324414590357,0.08863876014947891
19.03297996520996,0.7490383428623978,0.09502372145652771
17.18711280822754,0.703142962888344,0.11575588583946228
16.66355323791504,0.5895575303607614,0.11591143906116486
12.343219757080078,0.7442079401116625,0.1899939477443695
11.9765043258667,0.7033895490600456,0.18629132211208344
15.854276657104492,0.6992850685851113,0.1309853047132492
16.15924072265625,0.7064512471907787,0.12749700248241425
16.822532653808594,0.782135912470024,0.12930655479431152
17.23371696472168,0.7118533209356361,0.11611178517341614
18.873111724853516,0.7332726241088451,0.0906369611620903
12.027254104614258,0.7145284267424344,0.1974247843027115
12.485560417175293,0.7917608035051783,0.17156882584095
14.499820709228516,0.7696298662124275,0.15428678691387177
18.657495498657227,0.806257377217328,0.09893763065338135
15.901054382324219,0.6626685689575299,0.14214105904102325
14.594889640808105,0.7446577306711455,0.14976336061954498
16.332813262939453,0.6937290337760397,0.1278713047504425
16.39435386657715,0.7636394729157165,0.13591700792312622
17.346284866333008,0.7917223032357069,0.11096254736185074
17.863903045654297,0.7505023662261926,0.10693828016519547
12.68114185333252,0.6838999183470323,0.20131756365299225
13.616167068481445,0.7762972709030297,0.17094217240810394
15.690597534179688,0.7574991769359075,0.14112551510334015
15.825471878051758,0.7814851294235511,0.14604459702968597
18.13043785095215,0.7586163336330459,0.0971439927816391
14.486968994140625,0.7893865242396457,0.1552027314901352
15.9114351272583,0.7505428621599245,0.1297343373298645
14.721395492553711,0.6954213453692162,0.15090787410736084
14.308624267578125,0.6159489494456588,0.16817355155944824
12.108949661254883,0.6683650477080636,0.2060536891222
16.00723648071289,0.819724948068163,0.13123582303524017
17.510164260864258,0.724414052513549,0.11374668031930923
15.409198760986328,0.7586674026983475,0.14724184572696686
16.384117126464844,0.7186736266792867,0.12511834502220154
15.60137939453125,0.7148381025418379,0.14705881476402283
14.354777336120605,0.7210601129761155,0.1549004465341568
19.292470932006836,0.754739355104789,0.08040184527635574
13.784658432006836,0.6738477011969761,0.17034587264060974
19.221412658691406,0.7808746238654108,0.0912005677819252
19.50238609313965,0.7756030341429826,0.0863412469625473
18.16297721862793,0.8012719582413892,0.09834915399551392
17.152835845947266,0.8064882543421245,0.11783377081155777
17.06514549255371,0.7307538784641123,0.1149732768535614
18.804414749145508,0.7462420545254757,0.09193474799394608
12.527557373046875,0.7206886385269722,0.19009514153003693
14.680728912353516,0.7425191690890196,0.14492115378379822
14.206968307495117,0.7186970193782616,0.15202969312667847
15.12386703491211,0.7654271264131359,0.13509535789489746
13.498469352722168,0.5863657572960558,0.18448971211910248
10.946707725524902,0.7423428008372515,0.24813374876976013
17.39798927307129,0.6337156245186083,0.11095193028450012
16.384273529052734,0.7658010372932157,0.12328233569860458
12.072076797485352,0.6619260599471047,0.1866556704044342
16.775108337402344,0.7405048303597731,0.11337385326623917
17.994909286499023,0.752422320575531,0.1065070778131485
17.10840606689453,0.7376210693586274,0.11923949420452118
15.4097318649292,0.6848121436948118,0.13243530690670013
19.799068450927734,0.7193764546024841,0.07812608033418655
19.664535522460938,0.7763659866061376,0.08411611616611481
15.666519165039062,0.728954872586677,0.14544324576854706
19.76525115966797,0.7508014902920546,0.07943474501371384
14.732336044311523,0.634672184999458,0.15807940065860748
17.929655075073242,0.7227209351057354,0.09929151833057404
18.46807861328125,0.855772645313521,0.10150586068630219
16.99251365661621,0.7121480447571032,0.1109672412276268
18.115652084350586,0.7477505397270283,0.10219454020261765
13.009380340576172,0.6570155388439708,0.15819814801216125
14.825342178344727,0.7775741246707791,0.14613766968250275
17.252290725708008,0.8079965591467108,0.12086358666419983
14.892853736877441,0.7144585343682762,0.15524201095104218
22.063798904418945,0.8187255354203363,0.063297338783741
13.662806510925293,0.7550124294305824,0.17637869715690613
11.22862434387207,0.6663142347179,0.22646984457969666
15.76539134979248,0.753905698104965,0.1308196634054184
17.548368453979492,0.8057825886035959,0.1093585267663002
17.81264877319336,0.6686617428803971,0.10206294804811478
16.2999267578125,0.7552341964801818,0.1251189410686493
14.911096572875977,0.7401142504612523,0.15501587092876434
17.557167053222656,0.6327694083136819,0.1057186871767044
16.285600662231445,0.8258444341683863,0.1316848248243332
17.848575592041016,0.6788072118227813,0.10341402888298035
14.684282302856445,0.7774005052790501,0.17273417115211487
14.789055824279785,0.7248982027037599,0.1371927559375763
16.568010330200195,0.6916419887889045,0.12657451629638672
15.166362762451172,0.7935265800689717,0.13958808779716492
14.059239387512207,0.6705678732764483,0.1727171391248703
12.96689224243164,0.712828758700188,0.2079084813594818
15.970520973205566,0.8257602483509434,0.14254599809646606
17.78174591064453,0.754944549364098,0.11115562170743942
17.173967361450195,0.7989305826148705,0.12035160511732101
16.100244522094727,0.7547177091491933,0.12392916530370712
11.403902053833008,0.6880114514689748,0.22221970558166504
16.96164894104004,0.7600178992145581,0.1190817579627037
16.47098731994629,0.7134288967422951,0.12635162472724915
18.015094757080078,0.7354165791811649,0.0996592566370964
18.37381935119629,0.7157147206388673,0.09558409452438354
18.832801818847656,0.7652366212359873,0.09498227387666702
16.151159286499023,0.7421519684056597,0.12356900423765182
18.583866119384766,0.6890931732370359,0.09497736394405365
14.253631591796875,0.7034762436707224,0.15977509319782257
19.076988220214844,0.8130263423067307,0.08628693222999573
13.658623695373535,0.6209451401632087,0.18252231180667877
14.804244995117188,0.7164784477356467,0.15304724872112274
15.998027801513672,0.7325922833162293,0.12512823939323425
17.55121421813965,0.8009787451874887,0.11200115084648132
16.46734619140625,0.7132109677875286,0.13022419810295105
15.67074203491211,0.7005132522221029,0.14296266436576843
18.31619644165039,0.6777961533717998,0.09965468943119049
15.642804145812988,0.777390049957862,0.11649711430072784
16.370281219482422,0.7634198723802786,0.1324770450592041
17.07748031616211,0.7505360191993855,0.11860503256320953
14.65114974975586,0.7444170259345736,0.1458941251039505
17.097110748291016,0.7323244407516641,0.12376586347818375
17.343830108642578,0.7778030716752059,0.10534529387950897
12.331480026245117,0.7361380399669069,0.19360309839248657
21.717594146728516,0.8209338639059971,0.0715235024690628
16.581892013549805,0.769299440842619,0.13177652657032013
17.873165130615234,0.747906632839935,0.08988190442323685
16.501012802124023,0.7996074670555758,0.12520724534988403
20.661663055419922,0.8477146621311594,0.07126826047897339
19.762744903564453,0.7543008349983945,0.08430284261703491
12.300661087036133,0.7118284002916558,0.19437702000141144
12.982267379760742,0.7300966765147724,0.16859036684036255
14.401625633239746,0.6896204526447679,0.1725924164056778
16.941280364990234,0.7248350518125147,0.11852356046438217
17.586406707763672,0.71916770108622,0.1144399642944336
14.422969818115234,0.6862529747078423,0.16315114498138428
16.740076065063477,0.8420902842082973,0.1280534714460373
15.422927856445312,0.6732425071616966,0.14140364527702332
18.65243911743164,0.7713517314965387,0.09494249522686005
19.370779037475586,0.8086861722685826,0.08266952633857727
17.804786682128906,0.7960550203914264,0.10976850986480713
18.536649703979492,0.7673229879928537,0.09585502743721008
12.055001258850098,0.6444152528303726,0.1906733363866806
14.096231460571289,0.7719492559050921,0.17599357664585114
17.748958587646484,0.7015689714533996,0.11149094998836517
16.06405258178711,0.6905462596372786,0.13403406739234924
17.922590255737305,0.769012685810183,0.11091440916061401
14.997149467468262,0.7125910401207759,0.154318168759346
16.1276798248291,0.7506767981347094,0.13362888991832733
19.82987403869629,0.7614502119266896,0.07837042957544327
16.45458984375,0.6951423148057849,0.12692396342754364
11.733417510986328,0.6285303242771537,0.19139988720417023
14.247596740722656,0.6662663047842852,0.1653197556734085
12.38803482055664,0.7599352171680372,0.22179491817951202
19.607736587524414,0.7193515939431232,0.07943984121084213
16.332042694091797,0.7810769307520592,0.12090551108121872
15.432658195495605,0.7457978025148851,0.14178791642189026
16.365449905395508,0.6738951813103772,0.13178546726703644
18.00513458251953,0.7057969681986522,0.10381423681974411
15.54272747039795,0.8305464081957409,0.15142250061035156
14.199993133544922,0.6765844847113713,0.16013531386852264
17.31245231628418,0.6299093879610025,0.11460074037313461
17.238006591796875,0.819846671707894,0.11677651852369308
17.671525955200195,0.7145232343687216,0.10498574376106262
16.79928207397461,0.7659726642172168,0.12318868190050125
17.373191833496094,0.7401020918705046,0.11396889388561249
19.532453536987305,0.8230838780192283,0.0876888558268547
16.944286346435547,0.7142399505898211,0.11996657401323318
15.548744201660156,0.6993809584046498,0.1449313908815384
18.88880157470703,0.813386504157915,0.09480759501457214
12.450078964233398,0.6607736918020897,0.21048350632190704
21.319923400878906,0.8172018012555166,0.0683322623372078
18.985197067260742,0.7637698209805485,0.08459626138210297
15.514982223510742,0.7548429570162869,0.1404067873954773
17.002220153808594,0.7438343928318124,0.11728452891111374
21.025310516357422,0.7647806323545883,0.0712079256772995
14.060354232788086,0.7937492629387819,0.1667986810207367
16.878347396850586,0.7589088487390095,0.1257854551076889
15.333317756652832,0.8180975767777635,0.14785712957382202
13.485420227050781,0.7693667085852606,0.17023596167564392
13.4796142578125,0.7068977193478787,0.1846911758184433
21.778095245361328,0.8169596665184071,0.06214941293001175
15.104471206665039,0.6846509978002404,0.1589205116033554
14.027195930480957,0.7102779227175843,0.15620380640029907
17.798545837402344,0.729632209642736,0.11171385645866394
13.044361114501953,0.7005467870256726,0.1813010722398758
15.243432998657227,0.8399716542101042,0.14487697184085846
21.020763397216797,0.8011546956688088,0.07208744436502457
11.775895118713379,0.6734027977814431,0.22231438755989075
19.260683059692383,0.7383993170592871,0.09034804999828339
16.336139678955078,0.6732099275600923,0.1318451464176178
15.270254135131836,0.622789488950165,0.13775970041751862
17.38075828552246,0.7062811895594764,0.11891458183526993
15.24415111541748,0.7528048764039705,0.14910779893398285
13.051562309265137,0.5964893752912248,0.18694184720516205
17.856107711791992,0.7687086331749832,0.10984805971384048
11.415902137756348,0.7269946047645256,0.21664050221443176
14.575210571289062,0.7573058295015566,0.15628103911876678
18.960874557495117,0.6979879103027524,0.08986158668994904
16.478416442871094,0.7938562931565394,0.12046551704406738
15.492557525634766,0.7642931304408138,0.13657869398593903
18.105331420898438,0.7840939759737384,0.10394956916570663
14.52470588684082,0.611020023771863,0.15491077303886414
14.169317245483398,0.7476788130834338,0.16189032793045044
16.225677490234375,0.7535275130933186,0.11899301409721375
18.637836456298828,0.7252696131453144,0.09333919733762741
15.427733421325684,0.6834896857052943,0.1449812948703766
20.88800621032715,0.8575097141640374,0.07517455518245697
18.35965347290039,0.7570273679436935,0.09943865984678268
17.893741607666016,0.7440536235177014,0.10193513333797455
15.913687705993652,0.7929241985410462,0.12396648526191711
15.937495231628418,0.746356590628541,0.1356586068868637
18.835294723510742,0.851433944220687,0.10051436722278595
19.96087646484375,0.7393274073625061,0.0808078870177269
21.59568977355957,0.8104043290691196,0.06160511076450348
17.56192398071289,0.74704493846532,0.11278674006462097
19.247114181518555,0.7796152992125295,0.08892238885164261
16.069656372070312,0.7390751190418976,0.13804315030574799
13.1537446975708,0.6771603893583856,0.17718376219272614
17.539480209350586,0.7892592487104291,0.10673952847719193
13.388333320617676,0.6769779415723453,0.1946607083082199
15.491436004638672,0.7525407354294087,0.15305380523204803
14.106039047241211,0.7686053561930399,0.17894619703292847
16.200042724609375,0.7088677740738584,0.12427085638046265
16.66535186767578,0.7583748570125202,0.11987530440092087
19.027854919433594,0.6710510953568825,0.09338431060314178
17.90716552734375,0.8175300358993018,0.10681591182947159
14.689842224121094,0.6038955001376873,0.15240676701068878
19.48735237121582,0.8072093394395685,0.0877702459692955
11.756115913391113,0.5781402042798962,0.22571605443954468
20.07598114013672,0.8343616431415498,0.08429509401321411
14.942649841308594,0.78136466935895,0.15062128007411957
19.008176803588867,0.8230838032006237,0.0889522060751915
15.359807014465332,0.7473141958040452,0.14907003939151764
17.561473846435547,0.7452168279046134,0.11396577954292297
18.385774612426758,0.7277553496240265,0.0957091823220253
18.093475341796875,0.763408045526733,0.0912729799747467
15.022231101989746,0.7785042066585579,0.14707785844802856
15.991419792175293,0.7543061867849903,0.13702674210071564
16.989229202270508,0.7568605685574704,0.1179347038269043
15.906561851501465,0.7825533786022723,0.14664199948310852
18.12737274169922,0.7557951013645905,0.10455271601676941
16.730833053588867,0.7045794437185211,0.12209420651197433
17.63330078125,0.796152919730696,0.10392244905233383
18.155019760131836,0.7266664886749475,0.1026059240102768
16.41689109802246,0.7100696398786794,0.13732126355171204
17.283565521240234,0.6856101460916699,0.1176023781299591
16.233556747436523,0.6912079644244555,0.13633061945438385
18.352001190185547,0.8032966479675043,0.10454806685447693
13.92884349822998,0.711181730225314,0.17115378379821777
16.494443893432617,0.7265734177010684,0.12787464261054993
15.609031677246094,0.7246955689672093,0.1411234438419342
17.404939651489258,0.8176053565813914,0.1222984716296196
20.512638092041016,0.8093977050820329,0.07782329618930817
19.834972381591797,0.7284977765621025,0.08402969688177109
15.176023483276367,0.762309678759962,0.1502189189195633
15.571335792541504,0.7656571537540272,0.14144830405712128
18.25333023071289,0.6785257257506432,0.10097431391477585
14.685145378112793,0.6668020462929076,0.1497509628534317
15.0567626953125,0.7283741678396307,0.1535882204771042
13.968132019042969,0.7006264975028164,0.1676935851573944
12.300175666809082,0.7162599036840713,0.19196495413780212
17.102447509765625,0.7678264540339376,0.11405382305383682
17.130821228027344,0.7425082866793556,0.1165003776550293
12.153664588928223,0.7955657005737451,0.18188250064849854
11.344432830810547,0.6723191848547976,0.2113713175058365
17.41976547241211,0.7821089519950057,0.11192449927330017
16.576139450073242,0.7314387405635664,0.12936905026435852
17.2657470703125,0.7055825927818705,0.12028159946203232
13.50522518157959,0.7298666367399754,0.18668760359287262
16.10594367980957,0.7297091411859123,0.14143410325050354
17.932025909423828,0.7412054061290029,0.1088220477104187
18.026365280151367,0.7255848278632974,0.1067471131682396
20.906679153442383,0.8013704328498967,0.06939836591482162
13.44192123413086,0.7149794966618607,0.17518992722034454
14.667304992675781,0.6894866065020228,0.1662338376045227
16.607486724853516,0.7823452257026704,0.11051692813634872
16.942445755004883,0.793533366878994,0.11337335407733917
19.185020446777344,0.7623913839446018,0.09083346277475357
19.604290008544922,0.7927056134846682,0.08036240190267563
14.046932220458984,0.7317370650863345,0.15992632508277893
17.228256225585938,0.6979512949925243,0.11496345698833466
15.166646957397461,0.6791427939984921,0.1539623737335205
15.578277587890625,0.7275922459727646,0.13265460729599
17.457674026489258,0.7520879394480093,0.11106754839420319
17.41775894165039,0.7489692738758509,0.10854481160640717
11.790508270263672,0.7453277165550989,0.20285262167453766
19.58957290649414,0.817671050916777,0.08020545542240143
14.037481307983398,0.7417723618717639,0.15352842211723328
11.120340347290039,0.7223327889939,0.2319713979959488
17.742374420166016,0.776585692296705,0.09857168048620224
15.497394561767578,0.7903456011798385,0.1299394816160202
20.83544921875,0.7038570611616302,0.06822328269481659
16.850725173950195,0.7926342520179744,0.12711085379123688
16.271968841552734,0.7278142839291044,0.12561558187007904
14.92505931854248,0.7757503641120072,0.14108005166053772
18.71468162536621,0.8152761826614914,0.0957198366522789
21.34192657470703,0.8018019253397254,0.06712289899587631
17.105854034423828,0.7728028858508283,0.10840427875518799
13.177398681640625,0.696823023713883,0.1905619353055954
13.943300247192383,0.6815794704619808,0.17071408033370972
17.33221435546875,0.689631692492023,0.11406741291284561
16.949546813964844,0.6913786312775976,0.12181968241930008
11.917339324951172,0.6729521842782414,0.21358683705329895
16.553884506225586,0.6978647188268854,0.13745208084583282
18.90431785583496,0.741788817391386,0.09266281872987747
18.542692184448242,0.6950546691209578,0.09422378242015839
13.269973754882812,0.5550530829389918,0.18495319783687592
18.90394401550293,0.7887424170449229,0.09837155044078827
17.608299255371094,0.7769850358358571,0.11332665383815765
18.824142456054688,0.8526256864472123,0.10001256316900253
12.258804321289062,0.7488886677917869,0.1818787306547165
15.80433464050293,0.7618069680831681,0.13972675800323486
14.72923469543457,0.7501940582811304,0.1374068409204483
17.948148727416992,0.6738105771490516,0.10600996017456055
14.62007999420166,0.6452890301609656,0.15042585134506226
17.20636749267578,0.7694471622109631,0.1131211519241333
19.535436630249023,0.7848809111243197,0.08130796253681183
16.21656608581543,0.7024073814157736,0.1346651166677475
19.159189224243164,0.8002968563444686,0.09020557999610901
15.44719123840332,0.8579789691322542,0.1410362422466278
17.47700309753418,0.825209120124206,0.11234109103679657
19.07027244567871,0.8176048204713431,0.08824636042118073
19.369958877563477,0.7699546360500814,0.08542539179325104
21.12668800354004,0.722495905891523,0.06499197334051132
18.161102294921875,0.687431922614912,0.1004677340388298
18.425519943237305,0.8213489370923364,0.09538718312978745
16.57636833190918,0.821246194440787,0.12563815712928772
15.180488586425781,0.6630975132838378,0.127168670296669
16.049964904785156,0.7439254520890903,0.11505000293254852
16.84316062927246,0.7244526578501325,0.1277553141117096
15.886021614074707,0.7883521837599657,0.13112640380859375
15.765195846557617,0.7965838620808281,0.14186552166938782
17.239131927490234,0.7522119033964461,0.1158384308218956
16.86723518371582,0.6988262479698841,0.1220032349228859
17.23999786376953,0.776718536524194,0.10899878293275833
15.23720932006836,0.8109443382479716,0.14625544846057892
14.850961685180664,0.7138144952918491,0.15372471511363983
16.180723190307617,0.7850487449856975,0.13946130871772766
20.823747634887695,0.8717927193889743,0.0716104730963707
18.4534854888916,0.7718520850723581,0.09328488260507584
19.55670166015625,0.8400917272248334,0.08515884727239609
13.67133903503418,0.6623803570753694,0.19360333681106567
15.956088066101074,0.7154280721814086,0.1344582736492157
18.11977767944336,0.8253355594182826,0.10755526274442673
18.04601287841797,0.7922656016384017,0.10194908827543259
15.077210426330566,0.7463770051000451,0.14429476857185364
12.489453315734863,0.7524584614453178,0.16695693135261536
14.099267959594727,0.7723912285637801,0.15699522197246552
13.430326461791992,0.671294453801366,0.1839284747838974
13.688554763793945,0.7623056261529152,0.15723717212677002
13.82525634765625,0.6991352475428267,0.16050344705581665
16.442668914794922,0.821456401986857,0.131606787443161
17.716358184814453,0.7747527744126959,0.10470584779977798
19.407005310058594,0.7562115426663452,0.08685941994190216
20.035472869873047,0.7409963534522533,0.07842663675546646
15.452434539794922,0.6884645413330833,0.14392933249473572
17.660587310791016,0.7513918241156932,0.09458630532026291
18.190723419189453,0.774444214804323,0.10299854725599289
18.001394271850586,0.7460884275877849,0.0984213799238205
18.523042678833008,0.8012178312061331,0.09561736136674881
15.22538948059082,0.78302884617779,0.15441952645778656
20.070188522338867,0.7725747742737451,0.0794437974691391
12.366373062133789,0.6598318564828087,0.17972736060619354
18.844341278076172,0.7582927128595525,0.0944819450378418
14.173995018005371,0.7163553346573398,0.16511015594005585
14.630776405334473,0.7214301900993138,0.15497347712516785
14.54339599609375,0.7644825193487998,0.15477624535560608
16.986011505126953,0.6225308991421205,0.1172456294298172
15.171350479125977,0.7573183143460408,0.14522266387939453
18.170761108398438,0.8442281114522358,0.11081009358167648
16.826810836791992,0.8180083261858647,0.122941754758358
19.402570724487305,0.7783045749055101,0.08901920914649963
17.668903350830078,0.8005537050197682,0.11220798641443253
18.74308967590332,0.7343577915069129,0.09595248848199844
13.187102317810059,0.7137897033899152,0.18824084103107452
14.997514724731445,0.7303122426606395,0.13487543165683746
16.32850456237793,0.7502372254799616,0.11718858778476715
15.714290618896484,0.8184397383986101,0.1408778876066208
17.416790008544922,0.8174676260623321,0.11856384575366974
18.60867691040039,0.7539860265299964,0.09493893384933472
15.323066711425781,0.7814155332260807,0.13936392962932587
11.9911527633667,0.7101667928234361,0.2230086624622345
16.093791961669922,0.6894378019593962,0.13272693753242493
15.907772064208984,0.6433976618112711,0.13668657839298248
11.953516006469727,0.7003164854463996,0.19642743468284607
15.527047157287598,0.7766323141006753,0.1485544741153717
17.144128799438477,0.7099069230171707,0.11244673281908035
17.62546730041504,0.7568159503448206,0.10116913914680481
18.775737762451172,0.8438901239615927,0.08359761536121368
14.585304260253906,0.7836157531149132,0.14917562901973724
14.11835765838623,0.7455599515091167,0.17109601199626923
16.916492462158203,0.6652379768358951,0.12585200369358063
18.558231353759766,0.7791483913259403,0.09738607704639435
14.861291885375977,0.7304052223797215,0.13752979040145874
13.721757888793945,0.7568584796414929,0.17481333017349243
21.601863861083984,0.7621478940677684,0.06482964754104614
16.2810115814209,0.6869021883085319,0.12223610281944275
11.821832656860352,0.6467554342361064,0.22806766629219055
13.648959159851074,0.7911471887130589,0.16818812489509583
16.29083251953125,0.7936834061316617,0.12178771942853928
17.413999557495117,0.7781392579182504,0.10644982010126114
16.30794906616211,0.7639687235992899,0.1157217025756836
18.471433639526367,0.8711223431003803,0.10801779478788376
16.91472816467285,0.6879926073425557,0.12006092071533203
18.111957550048828,0.8422785062244749,0.10645848512649536
16.102807998657227,0.7512015730617045,0.1341581791639328
16.402597427368164,0.7475310037053543,0.1245248094201088
15.292309761047363,0.7643650388659503,0.15157756209373474
15.148173332214355,0.7234434743176833,0.1353440135717392
12.140911102294922,0.7229380584092028,0.20384380221366882
21.296920776367188,0.7220219389414917,0.06570909172296524
18.580577850341797,0.7354825148889964,0.09346958994865417
12.635456085205078,0.7414020006027344,0.20952142775058746
14.386414527893066,0.6900611404163494,0.16884049773216248
18.280338287353516,0.8059584689557888,0.10083504766225815
16.787683486938477,0.7261942771146096,0.12658502161502838
16.14066505432129,0.7293429115230594,0.12177984416484833
22.105979919433594,0.8051619012116927,0.06282036751508713
14.957998275756836,0.7674878218401722,0.1512303203344345
16.521955490112305,0.6940443023776804,0.12944252789020538
19.44571304321289,0.7664990021046801,0.0837944820523262
13.354474067687988,0.6068297912073184,0.19949837028980255
15.896573066711426,0.7695046143061806,0.1326734572649002
18.13196563720703,0.741476549152,0.10276764631271362
14.424493789672852,0.7506922649311434,0.1701263189315796
18.88800621032715,0.7292535436364783,0.0901474729180336
18.828292846679688,0.7657738044226567,0.09590598940849304
17.715858459472656,0.7797058775507513,0.11161579936742783
16.208566665649414,0.7477109420619398,0.11728069931268692
11.902372360229492,0.6911513088940373,0.19671927392482758
17.380176544189453,0.7915598179954816,0.10623990744352341
18.53732681274414,0.7434281305361854,0.08780108392238617
18.597753524780273,0.7119386072461089,0.09650294482707977
17.138641357421875,0.7300811644789493,0.12312538921833038
20.408287048339844,0.7580478157880454,0.07568405568599701
11.703558921813965,0.6199697111242723,0.22152043879032135
15.296834945678711,0.6740133832283112,0.14808060228824615
18.736032485961914,0.7901533056053571,0.09607094526290894
20.084701538085938,0.746601321218272,0.08063197880983353
12.905573844909668,0.7090391610194168,0.16418151557445526
17.14276123046875,0.7170019048322919,0.11249037832021713
17.477834701538086,0.7175701585261242,0.10965271294116974
14.394411087036133,0.7770383521937215,0.15559212863445282
13.373766899108887,0.6902313952720354,0.19215187430381775
20.28803825378418,0.8715924203328494,0.08451338857412338
19.2138729095459,0.8076726383764986,0.08344730734825134
19.723690032958984,0.8286185594422644,0.083046555519104
17.641740798950195,0.8122135143854142,0.11331187188625336
18.405200958251953,0.7589513709278145,0.0973428264260292
15.250518798828125,0.7993799173858659,0.13745379447937012
14.820298194885254,0.6600143081224575,0.15654942393302917
14.23341178894043,0.7085810738861285,0.15719333291053772
16.603858947753906,0.8024009279607799,0.12698420882225037
16.035444259643555,0.8116594898654971,0.13976502418518066
17.914470672607422,0.8335503480644061,0.10481797158718109
14.906464576721191,0.7256670787257687,0.14958830177783966
16.80691909790039,0.7995462168155274,0.11889459937810898
18.649675369262695,0.8066897603790519,0.08872942626476288
14.597230911254883,0.7821128415800774,0.16002359986305237
17.776315689086914,0.760315848926153,0.10782194882631302
18.302505493164062,0.6799407090427085,0.0923650860786438
12.408194541931152,0.7153452083362802,0.19713589549064636
17.091127395629883,0.7479435794851579,0.11265047639608383
16.631938934326172,0.7756802739342578,0.12349411845207214
13.950852394104004,0.730961505146676,0.18221895396709442
19.894502639770508,0.7677911293252476,0.08190996944904327
15.270965576171875,0.6359509433209218,0.14314259588718414
17.093048095703125,0.670031373067103,0.11959066241979599
18.201305389404297,0.7910565139435373,0.09893146902322769
17.641122817993164,0.7637318261037591,0.10412072390317917
15.81892204284668,0.8005775534909408,0.13805122673511505
17.712486267089844,0.7723553124880498,0.10290729254484177
18.14987564086914,0.8162927170692733,0.10560071468353271
17.027271270751953,0.8012929664433457,0.11744751781225204
17.461381912231445,0.7017133137684328,0.11203090101480484
9.851062774658203,0.6332644067705591,0.27394482493400574
12.725379943847656,0.754115279088464,0.16767318546772003
17.37434196472168,0.7750102303612713,0.10965154320001602
16.139989852905273,0.7324328339392966,0.12975561618804932
17.249961853027344,0.751228531758331,0.121732696890831
14.519775390625,0.7791196565633423,0.15917284786701202
12.905824661254883,0.8141750591794853,0.1655523031949997
19.07341766357422,0.6830668884449369,0.0909133180975914
17.02056312561035,0.7697192282812927,0.12598852813243866
16.241525650024414,0.7507360379255971,0.13820388913154602
15.621499061584473,0.7358070509495426,0.1380145400762558
12.217283248901367,0.7477951664012311,0.19795604050159454
11.38646125793457,0.7482707644354099,0.2249678373336792
17.653682708740234,0.8151646496675858,0.09975667297840118
13.700506210327148,0.6679720244000162,0.16965746879577637
16.348737716674805,0.6710259500652755,0.1233726367354393
17.055551528930664,0.728681935116711,0.12042435258626938
15.993154525756836,0.7108534978269109,0.1422632783651352
17.1263484954834,0.7377003167956645,0.11259190738201141
15.79959774017334,0.8228566786751136,0.12677611410617828
17.9842529296875,0.7383113906992871,0.11133967339992523
16.05830955505371,0.7821708030116804,0.13804154098033905
18.826820373535156,0.7680935147164178,0.09387391805648804
15.24985408782959,0.658985502648446,0.1489029824733734
16.992204666137695,0.6376462367151725,0.1213337704539299
17.456838607788086,0.7301367974600056,0.10208005458116531
18.488142013549805,0.7752197442844578,0.09107929468154907
19.980878829956055,0.7885743335071526,0.0813155546784401
18.885391235351562,0.7649712190314562,0.09177321940660477
15.145045280456543,0.7503653800110367,0.14105762541294098
16.683013916015625,0.8212694609715658,0.11865861713886261
13.953103065490723,0.7206502326090868,0.1638616919517517
16.768966674804688,0.8028561147350444,0.11195707321166992
16.03033447265625,0.7998621100822646,0.13784275949001312
17.214548110961914,0.8054274355154792,0.11437826603651047
15.964459419250488,0.7888638640061663,0.14233094453811646
19.598648071289062,0.7811640620222121,0.08079245686531067
18.29023551940918,0.7887872715896228,0.10379312187433243
16.061405181884766,0.8231237153805087,0.1326642483472824
15.10960578918457,0.799293497897894,0.13796785473823547
17.46639060974121,0.7511342961581001,0.1142197698354721
13.53457260131836,0.6943925691683804,0.19085556268692017
19.145023345947266,0.80056360001458,0.08204790949821472
13.845553398132324,0.7611124474790365,0.17658640444278717
13.767406463623047,0.7599647335802207,0.17002248764038086
18.008399963378906,0.7339593771353041,0.1019972637295723
16.101789474487305,0.8028785144358364,0.12454911321401596
18.13034439086914,0.6890005395436499,0.10107580572366714
13.856178283691406,0.7632385520817639,0.16867122054100037
14.05562973022461,0.7126423396502326,0.1619531661272049
19.613922119140625,0.8002839520162829,0.0877954512834549
18.576152801513672,0.7241302528043952,0.10151169449090958
20.523300170898438,0.818169146383074,0.07529138028621674
19.29543685913086,0.7834256746472992,0.09134963154792786
15.024415016174316,0.6549219811900442,0.14512918889522552
16.655364990234375,0.7735934102850603,0.11232057213783264
17.090316772460938,0.6966217064478475,0.11987118422985077
15.447271347045898,0.7331802448233135,0.12847132980823517
20.074596405029297,0.7861413543547782,0.08660978078842163
15.36353588104248,0.7850940364998148,0.15218773484230042
16.963510513305664,0.7645332148251587,0.12902717292308807
13.48786735534668,0.7518377917195466,0.16294856369495392
18.68142318725586,0.8291827162973762,0.10071457177400589
17.631458282470703,0.7731667198038097,0.09885012358427048
14.30086898803711,0.774977979211062,0.1469261795282364
19.821378707885742,0.7900646808769688,0.08418294042348862
12.7396821975708,0.6402412475597143,0.18612658977508545
14.508147239685059,0.624718049002245,0.15240633487701416
21.27173614501953,0.7576165614605637,0.06195760518312454
16.496803283691406,0.7917460190738507,0.123720183968544
12.011236190795898,0.7435786002265231,0.2142430543899536
16.123689651489258,0.774230008807815,0.13291463255882263
17.465726852416992,0.8072868053662582,0.10763072967529297
18.304359436035156,0.797688373676788,0.10679002851247787
19.081724166870117,0.7300591981393576,0.0911690965294838
17.671409606933594,0.7791967787044298,0.11405818164348602
18.998952865600586,0.7961932807770389,0.0906958356499672
16.97309112548828,0.7238859813696275,0.11842302978038788
18.314105987548828,0.7329029221320252,0.09405466914176941
19.187490463256836,0.7819193996113863,0.08978911489248276
14.050056457519531,0.6149115701781145,0.17514009773731232
18.074230194091797,0.772147716818359,0.10289585590362549
21.688674926757812,0.7804214628292657,0.06249111518263817
18.898326873779297,0.795673613504998,0.09291160106658936
12.258248329162598,0.6765455976706931,0.17359724640846252
16.7044677734375,0.8308971947597981,0.13062268495559692
17.213844299316406,0.7691731828512923,0.10350126028060913
14.114858627319336,0.7941402323411041,0.15716184675693512
12.799139976501465,0.5924607555014746,0.20835885405540466
17.06477928161621,0.759396242340515,0.11885663866996765
19.28165054321289,0.7588116454576792,0.08637352287769318
15.047933578491211,0.7082877723751583,0.15412497520446777
17.162582397460938,0.795299680228505,0.11969101428985596
17.766040802001953,0.7210826763640273,0.10952295362949371
18.04639434814453,0.8029979942466521,0.11005230247974396
18.361406326293945,0.7719749104644934,0.09361175447702408
15.138999938964844,0.670622430477421,0.13433867692947388
18.047578811645508,0.7942695663913736,0.10758804529905319
17.932851791381836,0.7648805928224468,0.10420148819684982
16.568950653076172,0.7507993458733252,0.12234038859605789
17.74123191833496,0.6655003981896134,0.1078328788280487
18.26447296142578,0.7512833665584345,0.10017488896846771
12.280267715454102,0.7845653737624918,0.20644091069698334
15.776902198791504,0.7431928336580393,0.1486886590719223
18.071163177490234,0.8334684915019248,0.10849306732416153
17.595046997070312,0.8184228079754076,0.09398003667593002
18.93396759033203,0.7382248277199495,0.0928027480840683
15.852838516235352,0.7599615459243186,0.12668992578983307
17.543596267700195,0.7749856851755238,0.11521744728088379
12.232894897460938,0.7453067920094871,0.2077532559633255
11.393308639526367,0.6739752396678704,0.2101341187953949
16.435150146484375,0.7740406278461838,0.11745325475931168
18.84296226501465,0.8327794824555861,0.09534326195716858
19.621967315673828,0.8755797898867804,0.09319456666707993
17.10344696044922,0.6935634168475077,0.11703578382730484
14.41392993927002,0.7119565945068856,0.14325536787509918
18.88347053527832,0.7798893794769938,0.0889788419008255
14.311525344848633,0.7900111964723748,0.15535928308963776
17.063295364379883,0.7568554048304564,0.11533678323030472
18.723569869995117,0.716987093018256,0.09343752264976501
15.358015060424805,0.7475977725313633,0.1369035243988037
18.6977596282959,0.7769980272692035,0.09809166938066483
14.378508567810059,0.7673423055586345,0.15984177589416504
20.156158447265625,0.7729309154612879,0.07834099233150482
14.786972045898438,0.7302664959465459,0.14863228797912598
14.342147827148438,0.8202991117723034,0.1487618237733841
19.402395248413086,0.7281820034116798,0.08486343920230865
15.20302677154541,0.7465181878711987,0.15078479051589966
15.54376220703125,0.7606322697597877,0.14271347224712372
20.754009246826172,0.8474901364249828,0.07598443329334259
12.71475601196289,0.7411630977394749,0.19867496192455292
10.55284309387207,0.6475988709079928,0.23381876945495605
14.75780963897705,0.7320799913448013,0.15329040586948395
17.997468948364258,0.7784006936418978,0.10618916898965836
15.205503463745117,0.6620599264942861,0.1464265137910843
16.512271881103516,0.7279322582678222,0.12318155169487
15.961729049682617,0.7735170337788355,0.14544415473937988
18.149002075195312,0.7949607210632198,0.10679809004068375
15.913888931274414,0.7656424884333072,0.13395226001739502
13.523674011230469,0.7243505182353076,0.18476852774620056
16.995962142944336,0.8167477891140169,0.11224129050970078
13.226962089538574,0.7436707013372006,0.18525175750255585
16.801055908203125,0.7652575200525936,0.12913081049919128
16.328388214111328,0.7450565523028879,0.1288662701845169
14.063172340393066,0.7479013899458199,0.17000019550323486
15.254678726196289,0.7837178719829498,0.132065087556839
17.45038604736328,0.8091266053590654,0.11778781563043594
14.93690299987793,0.8178868839840332,0.14099982380867004
15.6245698928833,0.6189341029743618,0.13278454542160034
17.281057357788086,0.7728247447407706,0.10582341998815536
21.053970336914062,0.8165782377565126,0.07286738604307175
20.420263290405273,0.8219121517081697,0.07840181142091751
20.020578384399414,0.7803489025706015,0.08089684695005417
13.392630577087402,0.6923692518518629,0.1773209422826767
17.485984802246094,0.7943709373538189,0.11061687767505646
17.180185317993164,0.7530866632740298,0.1170348972082138
12.877278327941895,0.7100771678274176,0.1730572134256363
17.504728317260742,0.7081000496249009,0.09795814007520676
18.122631072998047,0.7798915124945126,0.10492388159036636
16.943275451660156,0.7262629805683022,0.12006466835737228
14.150043487548828,0.6497827965058566,0.16913580894470215
18.07306480407715,0.8388127648421646,0.10801508277654648
18.237401962280273,0.7350400481842683,0.10156648606061935
16.867277145385742,0.8058333161656382,0.11999166011810303
18.088050842285156,0.7143359752633481,0.09669573605060577
18.468711853027344,0.6889213096216159,0.09517493844032288
16.460689544677734,0.7145154926184341,0.12392796576023102
17.77993392944336,0.7969324992527749,0.11030750721693039
17.537145614624023,0.834531739341023,0.11454346030950546
17.590099334716797,0.7648066096878539,0.104407399892807
18.000171661376953,0.8174195816710087,0.10383014380931854
18.433074951171875,0.7558421491184052,0.09573427587747574
17.00336265563965,0.7830634176967555,0.12317220121622086
13.123808860778809,0.732167814162578,0.19520868360996246
16.471900939941406,0.7649935959609125,0.113763228058815
15.303165435791016,0.6721551096772661,0.14684469997882843
22.181026458740234,0.8812664341828633,0.06574641168117523
