id,x,y,z
0,0.3450125306199443,0.33414887080264793,0.32083859857740787
1,0.34708290098658762,0.33354290696142769,0.31937419205198464
2,0.35082770271049074,0.33360351313623898,0.31556878415327033
3,0.35440547156737912,0.33275681882151931,0.31283770961110158
4,0.35755684762290524,0.3320361857648127,0.31040696661228201
5,0.36788009617012007,0.33022993383695309,0.30188996999292678
6,0.37276476637940914,0.32867218331758913,0.29856305030300168
7,0.37836701943889162,0.32275455041482415,0.29887843014628412
8,0.37107248823119343,0.33535503849393028,0.29357247327487629
9,0.37444117871127447,0.33597695109451908,0.28958187019420628
10,0.38360054844873342,0.33365979652033528,0.28273965503093124
11,0.38957424518277228,0.33005198189700397,0.28037377292022392
12,0.4015068711756517,0.32761961211200086,0.27087351671234738
13,0.42077855014823434,0.32313430388397435,0.25608714596779142
14,0.39730773418085652,0.33283304826108168,0.2698592175580618
15,0.40706975256647016,0.32997483009416223,0.26295541733936761
16,0.41648356385422874,0.32985436971283078,0.25366206643294048
17,0.40134942432425047,0.32696398164389356,0.27168659403185602
18,0.44574891746519069,0.31647238341849537,0.23777869911631397
19,0.42275029765605771,0.33344497304847154,0.24380472929547059
20,0.43277024492075777,0.32914144448209764,0.23808831059714464
21,0.44705459146815091,0.32391452354992201,0.22903088498192722
22,0.46559119572043534,0.31762001067676277,0.21678879360280187
23,0.4413888305894117,0.32950513772675721,0.22910603168383112
24,0.45773038053605331,0.32621262448208338,0.21605699498186318
25,0.4744780787761177,0.31772189403869688,0.20780002718518537
26,0.49989243359912205,0.31177562862254521,0.18833193777833282
27,0.47498139715694354,0.32228958027126509,0.2027290225717914
28,0.50679142628286955,0.31449077307561579,0.17871780064151466
29,0.52320472619731007,0.30402015335439891,0.17277512044829105
30,0.34008789145396739,0.33414404736784509,0.32576806117818752
31,0.3417474879811907,0.33457861460812427,0.32367389741068492
32,0.34366711810347728,0.3340790428188829,0.32225383907763988
33,0.34548186436131884,0.33394491382643943,0.32057322181224174
34,0.34758329304343411,0.33348191784127457,0.31893478911529133
35,0.35166921928980416,0.33365649165079092,0.31467428905940481
36,0.35550818499049969,0.33015299989110364,0.31433881511839656
37,0.35929199209673934,0.33234550185216694,0.30836250605109372
38,0.34993409497731309,0.33640871193351318,0.31365719308917378
39,0.35054466066869489,0.33513563935806812,0.31431969997323705
40,0.35453338132570145,0.33576137406214779,0.30970524461215088
41,0.35598852180523788,0.33422967626140165,0.30978180193336052
42,0.35985713762728194,0.33433038551425925,0.3058124768584588
43,0.37121237606663782,0.33346291749557727,0.29532470643778497
44,0.38136649361861708,0.33294317121167499,0.28569033516970793
45,0.37819414163635451,0.32851741448853322,0.29328844387511227
46,0.37587735512413745,0.33946474217202333,0.28465790270383934
47,0.37903760445538515,0.33799383492792573,0.28296856061668918
48,0.38496766709238006,0.33705797482402505,0.27797435808359494
49,0.39480483107589764,0.33655481516838992,0.26864035375571249
50,0.40802727997075017,0.33491833499535334,0.25705438503389649
51,0.42041315375873761,0.33195470984620634,0.24763213639505605
52,0.40469236963080363,0.3393806102567995,0.25592702011239693
53,0.41261428481464729,0.33910784435171293,0.24827787083363986
54,0.4287032626684778,0.33766616459219478,0.23363057273932744
55,0.44224213480445002,0.33499291858026836,0.22276494661528171
56,0.46388584084704426,0.32595168167536365,0.21016247747759217
57,0.43084593156718382,0.33999669413654221,0.22915737429627411
58,0.44131190703699297,0.33787268169706602,0.22081541126594104
59,0.45856925908982366,0.33791222120319098,0.20351851970698537
60,0.47601916841627973,0.33048564020632298,0.19349519137739737
61,0.45521191849949594,0.33795476812333386,0.20683331337717023
62,0.46863641694570501,0.33841962340702553,0.19294395964726951
63,0.48987774531508022,0.33336666127242193,0.17675559341249775
64,0.51892805567919054,0.32775695507834962,0.15331498924245976
65,0.49369332790896586,0.33445766370772545,0.17184900838330869
66,0.52058967812535251,0.32739434862480854,0.15201597324983898
67,0.5479929502178279,0.32082590547984624,0.13118114430232586
68,0.50697226647271409,0.3324345675145669,0.16059316601271906
69,0.53129367359327562,0.32593562813118609,0.14277069827553815
70,0.56541901378603243,0.31613409595408465,0.11844689025988292
71,0.34963365173477534,0.33781776519404172,0.31254858307118299
72,0.35055294882642418,0.33849930709568676,0.31094774407788905
73,0.35494839091673752,0.33741289703067018,0.30763871205259236
74,0.36035639931343005,0.33793145654063816,0.30171214414593184
75,0.36322585130015206,0.33690440339233907,0.29986974530750882
76,0.37141261793253988,0.33728465027052223,0.29130273179693777
77,0.3824432766473112,0.33658379741664851,0.2809729259360404
78,0.38114280964810188,0.33441902828632775,0.28443816206557027
79,0.38192832806793148,0.34421767854763707,0.27385399338443145
80,0.38282004673060899,0.34273674765599904,0.27444320561339197
81,0.39021588816594344,0.34381321759727662,0.26597089423677989
82,0.39563572092942345,0.34172951902243393,0.26263476004814262
83,0.41141238879690162,0.34098796158582939,0.24759964961726894
84,0.43191685788308193,0.34007351804515573,0.22800962407176228
85,0.40886273919155675,0.34685197686128305,0.24428528394716015
86,0.42058902874863313,0.34696467463668546,0.23244629661468133
87,0.4344044703845118,0.3463010167400149,0.21929451287547319
88,0.44860061865184075,0.34420208446088174,0.20719729688727748
89,0.46113862705035547,0.34035626595582591,0.19850510699381857
90,0.4378564475792745,0.35175693960604243,0.2103866128146831
91,0.44849002790485976,0.35029897258363657,0.20121099951150362
92,0.4683547032763552,0.34792106783500648,0.18372422888863837
93,0.48769226480212929,0.34131670030443123,0.17099103489343953
94,0.46511926732097486,0.35212248604953805,0.18275824662948714
95,0.48173721661250218,0.35123154688997577,0.167031236497522
96,0.50264258228149217,0.3482407382079617,0.14911667951054622
97,0.52166982981430987,0.34264270707132483,0.13568746311436539
98,0.50979800429185584,0.35206128785138169,0.13814070785676261
99,0.5266626583541183,0.3436726531923181,0.12966468845356355
100,0.54318331665394559,0.33940476098810146,0.11741192235795303
101,0.34304499005849409,0.33754574929758685,0.31940926064391911
102,0.34356853008092725,0.33721020450526318,0.31922126541380969
103,0.34754327958520354,0.33863258457854273,0.31382413583625385
104,0.34751743553364967,0.33667470762893703,0.3158078568374133
105,0.34926023065251832,0.33693900177775926,0.31380076756972247
106,0.35467386402063067,0.33593992076991724,0.30938621520945203
107,0.36066842103964852,0.33834157990026437,0.30098999906008711
108,0.36516484785516018,0.33476735208380071,0.30006780006103911
109,0.35276082229100664,0.34092501009358006,0.30631416761541325
110,0.35314128536707429,0.33920092711138655,0.30765778752153911
111,0.36048377906832874,0.34222100174887954,0.29729521918279173
112,0.36295338858003284,0.34139436475852292,0.29565224666144413
113,0.36841177815154552,0.34158564525666746,0.29000257659178696
114,0.37441721090313385,0.34257696492426187,0.28300582417260423
115,0.38784009763398569,0.34651260294225866,0.26564729942375559
116,0.39413665201213122,0.33762184318754657,0.26824150480032216
117,0.38638838755816357,0.35066055153232872,0.26295106090950782
118,0.38805131919585489,0.34997670764321204,0.26197197316093307
119,0.39714204521113156,0.35364052388547296,0.24921743090339551
120,0.40772630970620199,0.35194006280026147,0.24033362749353651
121,0.42245424532547299,0.349779879478193,0.22776587519633407
122,0.43576796435010584,0.34984828956858011,0.21438374608131397
123,0.41627288750693453,0.35856503888479507,0.22516207360827031
124,0.42076794371875653,0.3580257133400816,0.2212063429411619
125,0.42909959676715814,0.35875276343642248,0.21214763979641926
126,0.446051723821903,0.35982083358358058,0.19412744259451647
127,0.46146696985109648,0.35581301524915848,0.18272001489974499
128,0.43636068436186209,0.3638438487691561,0.19979546686898184
129,0.44871640583206712,0.3648917934899793,0.18639180067795344
130,0.45891623622965183,0.36419087492854002,0.17689288884180818
131,0.48272141349523673,0.36541766201227993,0.1518609244924834
132,0.49127072483271228,0.36231147511944034,0.14641780004784738
133,0.47812718152986433,0.3683435837928879,0.15352923467724774
134,0.49225271290257644,0.36976599861759729,0.13798128847982624
135,0.51245304691890903,0.36652966963906752,0.12101728344202346
136,0.49833699746294191,0.37250676310892161,0.12915623942813653
137,0.52174860635155529,0.37255861915189464,0.10569277449655018
138,0.5350897158682052,0.36683356476352391,0.098076719368270796
139,0.35717066171312889,0.34562344986418125,0.29720588842268997
140,0.3562718106621135,0.34527786441915442,0.29845032491873213
141,0.3597657434820079,0.34476885162700194,0.29546540489099021
142,0.36612032054753302,0.34671762648459081,0.28716205296787628
143,0.3710114550835682,0.34764679932699377,0.28134174558943803
144,0.38297915965030566,0.34925890088850231,0.2677619394611922
145,0.38911829214874699,0.35048139499189285,0.26040031285936011
146,0.38901763121045502,0.34586707777870923,0.2651152910108357
147,0.39038284666539574,0.35703351817178508,0.25258363516281923
148,0.3932763151955444,0.35825186604942566,0.24847181875502991
149,0.39796208794464955,0.35772145644104553,0.2443164556143049
150,0.41306383348549547,0.36185837393052467,0.22507779258397978
151,0.42626016802002381,0.36155353117660805,0.21218630080336814
152,0.41759168916781952,0.36568799746819297,0.21672031336398745
153,0.42726543028326214,0.3694048836037957,0.20332968611294214
154,0.43532023984117418,0.36993839282281921,0.19474136733600658
155,0.44770506096003454,0.37100627366003214,0.18128866537993338
156,0.47137975856360242,0.37303103860986014,0.15558920282653738
157,0.44412843731541318,0.37475744646902037,0.18111411621556633
158,0.45461899169784031,0.37775803364149058,0.16762297466066911
159,0.46663207498467968,0.37761882461311952,0.1557491004022008
160,0.47860667783683197,0.38075944147271201,0.14063388069045593
161,0.48632747257981512,0.37592501215744339,0.1377475152627414
162,0.48383808313525278,0.38288624914318831,0.13327566772155883
163,0.49928522125482339,0.38469844387253382,0.11601633487264272
164,0.50813150046693512,0.38267837761751256,0.10919012191555233
165,0.50946271899627771,0.3893842506148314,0.10115303038889091
166,0.52916961320130029,0.38965165414878905,0.081178732649910573
167,0.54374702081509541,0.39341424595969704,0.062838733225207735
168,0.34672190059675828,0.34245577944970357,0.3108223199535381
169,0.34608934250139423,0.34236484352603547,0.31154581397257036
170,0.34919938872577572,0.3426895609962301,0.30811105027799424
171,0.35191165632682636,0.34244344212588818,0.30564490154728541
172,0.35201140021778393,0.34201492645372317,0.30597367332849296
173,0.35682752261692224,0.34419203348556765,0.29898044389750994
174,0.36252908101244485,0.34580420351547397,0.29166671547208123
175,0.359613217405507,0.34134110745117724,0.29904567514331581
176,0.35988511701957382,0.3495993793620919,0.29051550361833445
177,0.35870220472654174,0.34886788873072133,0.29242990654273687
178,0.36330645772016867,0.34933725757415862,0.2873562847056727
179,0.36846033323256011,0.35144641731175091,0.28009324945568892
180,0.37351971913982979,0.35238672594085857,0.2740935549193117
181,0.38157530703718379,0.35520952919805471,0.26321516376476156
182,0.39170729238416485,0.35370531602489663,0.25458739159093846
183,0.38100608786583234,0.36129145701278675,0.2577024551213809
184,0.39138539650682008,0.36469108638889919,0.2439235171042807
185,0.39408611830057544,0.36480352788213599,0.24111035381728843
186,0.40346687282700755,0.36880136717932499,0.22773175999366743
187,0.41297200738385281,0.37039042553734525,0.21663756707880191
188,0.42958476658911893,0.37292066335420565,0.19749457005667526
189,0.4214915919331807,0.37783198985083122,0.20067641821598817
190,0.42679773373816571,0.37983560440239444,0.19336666185943993
191,0.43948413406194325,0.38284043945279594,0.17767542648526091
192,0.45413738506189688,0.38681981077702771,0.15904280416107536
193,0.45924867365042416,0.38477793276528988,0.15597339358428594
194,0.44815444875100707,0.39033658481235844,0.16150896643663445
195,0.45676122242504918,0.39330931362154736,0.14992946395340351
196,0.46835193346764342,0.39431769884347928,0.1373303676888773
197,0.48126850251107983,0.39716003293920388,0.12157146454971626
198,0.48417751439636497,0.40102638724601297,0.11479609835762215
199,0.49935938280981851,0.40391442428887736,0.096726192901304311
200,0.50894582876964978,0.40865450669559639,0.082399664534753753
201,0.51255102490648385,0.40664587621066145,0.080803098882854696
202,0.36356402855743708,0.35514296540002954,0.28129300604253332
203,0.36156780715087661,0.35186386943036208,0.28656832341876137
204,0.36617051999259864,0.35503905759880228,0.27879042240859914
205,0.36976205482042673,0.35539071174019138,0.27484723343938172
206,0.37222948818207996,0.35568572565497986,0.27208478616294007
207,0.38210558026720504,0.36140161408517069,0.25649280564762433
208,0.38609909668962716,0.35667344502950199,0.25722745828087085
209,0.39114493050569676,0.37342890870101786,0.23542616079328543
210,0.39310986872373899,0.37300032865319571,0.23388980262306541
211,0.39637051597808415,0.37273517881272228,0.23089430520919355
212,0.40217503126993309,0.37519670441802377,0.22262826431204305
213,0.41335608305480126,0.37874726934141023,0.2078966476037884
214,0.43043776780023174,0.38567329963528429,0.18388893256448385
215,0.41856513082099656,0.38668744897269325,0.19474742020631033
216,0.42829002113118986,0.39068586042975129,0.18102411843905883
217,0.44000506911476367,0.3942831617110707,0.16571176917416564
218,0.45099629233888106,0.39803056926878627,0.15097313839233267
219,0.45309431474235223,0.39263906035176704,0.15426662490588072
220,0.44773456007338691,0.40306335075564043,0.14920208917097277
221,0.45507115767483375,0.40534132893982905,0.13958751338533715
222,0.46776579201585183,0.40856925916555353,0.12366494881859461
223,0.48122169485124355,0.40839603350699322,0.11038227164176322
224,0.47178076831666976,0.41576757166286415,0.112451660020466
225,0.48298272118119617,0.41782672881802158,0.099190550000782154
226,0.49616320386172597,0.4189537555959979,0.084883040542276203
227,0.50407743493379487,0.42805771244859586,0.067864852617609217
228,0.34808217022936538,0.34656569074477728,0.30535213902585734
229,0.34818494467093181,0.34625457356035261,0.30556048176871559
230,0.34889576993201804,0.34638355326371228,0.30472067680426973
231,0.35081014308552955,0.34786719706300945,0.30132265985146089
232,0.35306791178991243,0.34754918192329515,0.29938290628679237
233,0.35733115122499415,0.35032410054232538,0.29234474823268036
234,0.35900437926038276,0.35086237974175322,0.29013324099786403
235,0.36017881176210376,0.34904190108563654,0.29077928715225965
236,0.36488632234990581,0.36035806025160616,0.27475561739848792
237,0.36296262437394983,0.35884620931585687,0.27819116631019336
238,0.36499089410404661,0.3599112543305592,0.27509785156539435
239,0.36900000050399562,0.36228400057143056,0.26871599892457387
240,0.37483323484895809,0.36409290491275276,0.26107386023828916
241,0.38220396479301827,0.36819711362307167,0.24959892158391001
242,0.38718526204287285,0.3675411831513784,0.24527355480574889
243,0.39182717573316839,0.38256918985529359,0.22560363441153802
244,0.39162152627431313,0.38099434628686574,0.22738412743882103
245,0.39607699093023541,0.38469186725279841,0.21923114181696607
246,0.40218159116353558,0.3845429624106218,0.2132754464258427
247,0.41231630179924467,0.3915279733648131,0.19615572483594229
248,0.4253414460478544,0.39599347190875461,0.17866508204339099
249,0.41770942498310232,0.39861416414774137,0.18367641086915631
250,0.42691115668768909,0.4026642912247449,0.17042455208756593
251,0.43518754726237807,0.40589885970204614,0.15891359303557576
252,0.45067588920852475,0.41319129769240048,0.13613281309907471
253,0.44596134483489169,0.41631906545522074,0.13771958970988751
254,0.451774049252117,0.41954335776059171,0.12868259298729132
255,0.4643320054597298,0.42449483167009167,0.11117316287017857
256,0.46674768834835412,0.4211630261753162,0.11208928547632953
257,0.46801883337206929,0.42913403419484319,0.1028471324330876
258,0.47535222653506221,0.43344040865787953,0.09120736480705835
259,0.48580189839979648,0.43507459154644185,0.079123510053761545
260,0.49579340276130895,0.44395365804177339,0.060252939196917758
261,0.36179246385207281,0.36299766408553163,0.27520987206239561
262,0.36123967766935461,0.36262739148787626,0.27613293084276913
263,0.36141382955465395,0.36443192720464823,0.27415424324069781
264,0.36592392565415144,0.36662592260642962,0.267450151739419
265,0.36738208993649601,0.36609899747613772,0.26651891258736615
266,0.37001169046910587,0.36686137389835571,0.26312693563253831
267,0.378028309548047,0.37302486204309976,0.24894682840885324
268,0.38494592643549674,0.37521767423166325,0.2398363993328399
269,0.38641546209067085,0.38673176751386545,0.22685277039546353
270,0.38827064397458211,0.38768254006094482,0.22404681596447309
271,0.38875069568983034,0.38805012554998236,0.22319917876018722
272,0.39429459329370897,0.39066612694041791,0.21503927976587311
273,0.40068337737625193,0.39586392280481697,0.20345269981893105
274,0.40987983645333553,0.40073020430999767,0.18938995923666682
275,0.42491688496229235,0.41050110091848063,0.16458201411922702
276,0.41227503726258036,0.40767629077347217,0.18004867196394764
277,0.41369734690786453,0.40869925314025879,0.17760339995187654
278,0.41745023029332684,0.41324929005982058,0.16930047964685271
279,0.42226963421180053,0.41342646340272327,0.16430390238547621
280,0.43213403524523164,0.42077401520656588,0.14709194954820237
281,0.44135858395411465,0.42366882202847961,0.13497259401740586
282,0.43549691224268944,0.4262830525149221,0.13822003524238843
283,0.43744693416898117,0.42772075379186741,0.1348323120391515
284,0.44778994521114862,0.43385983719621729,0.11835021759263407
285,0.45816318002687384,0.43755424304288065,0.10428257693024545
286,0.45180462634139512,0.4405355103800363,0.10765986327856872
287,0.4604410156101153,0.44407322957341755,0.095485754816467108
288,0.46533522408639727,0.44899348489462076,0.085671291018981965
289,0.47545794841692868,0.45486249592921507,0.069679555653856223
290,0.48130752406664379,0.45546300522989769,0.063229470703458426
291,0.34754326194272706,0.35090990066082112,0.30154683739645183
292,0.34796509471762849,0.35162464482361638,0.30041026045875507
293,0.34795280299411047,0.35113782514469288,0.30090937186119654
294,0.34784653763696577,0.35119640923158207,0.30095705313145216
295,0.34908260593555385,0.35243152619584878,0.29848586786859721
296,0.35112293808988737,0.35378361186992374,0.29509345004018894
297,0.35299131962980229,0.35407226398104974,0.29293641638914791
298,0.35388788845533381,0.35471594789984351,0.29139616364482274
299,0.34987946870142561,0.3516269515659175,0.29849357973265689
300,0.36045273395699556,0.36660135129402077,0.27294591474898366
301,0.36061945172555221,0.36740644710074177,0.27197410117370607
302,0.36049708201559572,0.36584327628661184,0.27365964169779244
303,0.36561152103881933,0.37049299255479301,0.26389548640638766
304,0.36620610235098294,0.37011640569896614,0.26367749195005091
305,0.36714150370682097,0.37144663324909827,0.26141186304408071
306,0.37375053784957063,0.37683173991636726,0.24941772223406219
307,0.37234396879887033,0.37256794720870612,0.2550880839924235
308,0.38516667057148973,0.38971795815217819,0.22511537127633205
309,0.38618276492928499,0.39567975542507433,0.21813747964564068
310,0.38482289053936103,0.3952137678784664,0.21996334158217248
311,0.39003313226280584,0.39767349267799085,0.21229337505920334
312,0.39484392211636066,0.40184540932062279,0.20331066856301672
313,0.40358629991945366,0.4082851502146736,0.18812854986587255
314,0.40843327714783162,0.40729391834723544,0.184272804504933
315,0.40577595633995689,0.4162344741424433,0.17798956951759973
316,0.4082677696605081,0.41898615037121445,0.17274607996827737
317,0.40672872077252964,0.41770470853721881,0.17556657069025153
318,0.41389443228052447,0.4249094825996852,0.16119608511979028
319,0.42503670744414845,0.42984729935559474,0.14511599320025687
320,0.43432963621623882,0.43652553133658234,0.12914483244717878
321,0.42200593860544755,0.43432321047027972,0.14367085092427281
322,0.42934774528552655,0.43983534877171909,0.13081690594275427
323,0.4285568297410432,0.43957092086397942,0.13187224939497738
324,0.44040812813012814,0.44755116840645903,0.11204070346341287
325,0.45116949272103796,0.45544675322711331,0.093383754051848761
326,0.4465759762708123,0.45662328878578606,0.096800734943401731
327,0.44945735587933949,0.45897656071799903,0.09156608340266148
328,0.45868698295084198,0.46595986961287034,0.075353147436287668
329,0.45918583409817143,0.46971084554971515,0.07110332035211353
330,0.46053280405301533,0.46651924380783283,0.07294795213915177
331,0.46300598705481039,0.47879319986686431,0.058200813078325253
332,0.35932432091614824,0.36805763479922893,0.272618044284623
333,0.35953482601871739,0.36761925931130457,0.27284591466997798
334,0.35838890363752052,0.36781062622534283,0.27380047013713665
335,0.35984809534068291,0.36943532386073069,0.27071658079858657
336,0.36401104191366568,0.37155684523027349,0.26443211285606089
337,0.36510336673051696,0.37383734191850249,0.2610592913509806
338,0.37002633591796752,0.38109637334888613,0.24887729073314635
339,0.36866307175668334,0.37600085664264399,0.25533607160067268
340,0.38086372122028361,0.39532573445420605,0.22381054432551029
341,0.38140800977841566,0.39665551424709944,0.22193647597448493
342,0.3797773574700441,0.39693326242000271,0.22328938010995319
343,0.38574386962309276,0.402846292014304,0.21140983836260316
344,0.38959671685473346,0.40127896456669115,0.20912431857857536
345,0.3963564693629264,0.41469765018754473,0.1889458804495289
346,0.40071226164555557,0.41540602364624452,0.18388171470819989
347,0.39814266596373471,0.41859063053951934,0.18326670349674595
348,0.4029142241405958,0.42091128280317786,0.17617449305622637
349,0.40003693281416841,0.42641557439936867,0.17354749278646286
350,0.40807786168789584,0.43289069786397977,0.15903144044812434
351,0.41452460167223304,0.4444239274898843,0.14105147083788258
352,0.42592942913034643,0.45055880547079125,0.12351176539886249
353,0.41966402968451344,0.44216437540577685,0.13817159490970965
354,0.42191146380808764,0.44443303502252984,0.13365550116938255
355,0.41889765964347048,0.4490608894738724,0.13204145088265712
356,0.43001179003744822,0.45769121042206096,0.11229699954049073
357,0.43274385716164798,0.45739598971482076,0.10986015312353119
358,0.43385728792578276,0.46002646226519472,0.10611624980902243
359,0.438232635094296,0.46101483367833773,0.10075253122736638
360,0.43738077878542875,0.47151794356556487,0.091101277649006496
361,0.44454832677306227,0.46845219327986987,0.08699947994706797
362,0.45134977565497719,0.47786518876407186,0.070785035580951061
363,0.44893416435323941,0.48480025357489687,0.066265582071863671
364,0.34550880604425738,0.35121385691977475,0.30327733703596788
365,0.34597880672155357,0.35149919779310962,0.30252199548533681
366,0.34514871355877097,0.35221481770622298,0.30263646873500599
367,0.3454300949541026,0.35311165348201412,0.30145825156388334
368,0.34694120035494969,0.35396374612836484,0.29909505351668558
369,0.34779056289506766,0.35460657662103295,0.29760286048389928
370,0.35185390000232553,0.36041170799774208,0.28773439199993234
371,0.35133877584965989,0.35702381729001881,0.29163740686032114
372,0.34472651062523002,0.350974878633183,0.30429861074158698
373,0.35713054794212412,0.36822900235250178,0.27464044970537399
374,0.35674883055149431,0.36816130985696705,0.2750898595915387
375,0.35675550360026725,0.36950960875927058,0.27373488764046222
376,0.35636482630608585,0.36970144088149098,0.27393373281242323
377,0.35735167957801689,0.37168208040182449,0.27096624002015857
378,0.36191143021573796,0.37717943715253865,0.26090913263172333
379,0.36355042616868588,0.38114576127043648,0.25530381256087764
380,0.36322069566782689,0.38081123693924862,0.25596806739292444
381,0.37633321555512728,0.39593575123642683,0.22773103320844584
382,0.37880437177891585,0.39855842362164401,0.22263720459943998
383,0.3761949473128281,0.39962863511909175,0.22417641756808016
384,0.37960709365529233,0.40566817020668372,0.21472473613802404
385,0.38523219276518211,0.41057127984277758,0.20419652739204033
386,0.38845920911002507,0.41728005820536734,0.1942607326846077
387,0.38789392159057484,0.41677970348806115,0.19532637492136407
388,0.39431880119504426,0.42174661492440008,0.18393458388055564
389,0.39616730883628448,0.42463954556597616,0.17919314559773936
390,0.39467861068246429,0.42959050052079434,0.17573088879674123
391,0.39966385008618999,0.4344830336595617,0.16585311625424839
392,0.40844884929178021,0.44685969741470255,0.14469145329351721
393,0.41001472998176547,0.45570090126365559,0.13428436875457911
394,0.41256601455481179,0.44615652310109877,0.14127746234408939
395,0.41085876823574707,0.44829645604864388,0.14084477571560899
396,0.41116919434462995,0.45354583219333455,0.1352849734620355
397,0.41880485089567265,0.46353080584454343,0.11766434325978392
398,0.42379553817224641,0.47225126368427517,0.10395319814347843
399,0.42659328299127819,0.46943647329618871,0.10397024371253309
400,0.42375927276111081,0.46557258918201416,0.11066813805687493
401,0.42847529876318341,0.47390804545054688,0.09761665578626974
402,0.43294059966732068,0.47690022060674692,0.090159179725932431
403,0.43335577457493574,0.48846115376089022,0.078183071664174084
404,0.35614938525207351,0.37070428875144695,0.2731463259964797
405,0.35456346093573754,0.3692669714322025,0.27616956763205996
406,0.35517634104289114,0.37232689485475778,0.27249676410235102
407,0.35318533261463286,0.36959139548562742,0.27722327189973978
408,0.35363828710085299,0.37189554646578926,0.27446616643335781
409,0.35302345186660034,0.37411786851409534,0.27285867961930449
410,0.35327712785520093,0.37143669358758774,0.27528617855721133
411,0.35517563425482185,0.38118400632237087,0.26364035942280728
412,0.37356287388647769,0.40019691847396505,0.22624020763955738
413,0.36991003007822237,0.39824812617440114,0.23184184374737654
414,0.37046030062190444,0.39866990690748566,0.23086979247060999
415,0.37190386051059082,0.40351908285858135,0.22457705663082778
416,0.37267024114288139,0.40673025780080529,0.22059950105631329
417,0.37615659873579904,0.41837583270815426,0.20546756855604675
418,0.37934362900019797,0.42885248405129872,0.19180388694850325
419,0.38492492354814306,0.42512230342017054,0.18995277303168631
420,0.38539511077993499,0.42514337464162411,0.18946151457844107
421,0.38535648063172789,0.42690692223820492,0.18773659713006721
422,0.39043521587942753,0.43322421170696035,0.17634057241361209
423,0.39311429085156946,0.44533120753595257,0.16155450161247789
424,0.39475629105522786,0.46051473984254337,0.14472896910222874
425,0.39619784976031874,0.44837870296733834,0.15542344727234292
426,0.40018881092030267,0.45398075278133992,0.14583043629835737
427,0.39680015760867859,0.45515517828074209,0.1480446641105794
428,0.40379207855059068,0.46673416890606839,0.12947375254334101
429,0.40380957024470571,0.48145811812767764,0.11473231162761664
430,0.41230577495056747,0.47817772019307009,0.10951650485636245
431,0.41098952624781471,0.4851540347935524,0.10385643895863289
432,0.41111312743123413,0.48503333636370738,0.10385353620505855
433,0.34195127063667258,0.35179717433272534,0.30625155503060203
434,0.34236176480770142,0.35260359811394387,0.30503463707835471
435,0.3425197802159361,0.35271742046061411,0.30476279932344991
436,0.34164881852362722,0.35257141000507936,0.30577977147129354
437,0.3402424915473613,0.35214490083314048,0.30761260761949821
438,0.34063478902416316,0.35264405865133086,0.30672115232450603
439,0.33963119550629339,0.35469504129116763,0.30567376320253881
440,0.34156551215971154,0.3550476828343887,0.30338680500589965
441,0.33912085788208152,0.35133125969484141,0.30954788242307696
442,0.35000809178100828,0.36900435525464659,0.28098755296434513
443,0.3467123725004484,0.3669026306046696,0.28638499689488195
444,0.35014616022983391,0.37077178424808482,0.27908205552208137
445,0.35127456202538593,0.37037470906568737,0.27835072890892676
446,0.3486590299219427,0.37232154721051397,0.27901942286754333
447,0.34889726053519432,0.37422153629646909,0.2768812031683367
448,0.34770538218086555,0.37566391044010067,0.27663070737903378
449,0.34862415878024999,0.37705000960510576,0.27432583161464413
450,0.36300519509321988,0.39914755845708505,0.2378472464496951
451,0.36114724516820756,0.39693625273718708,0.24191650209460541
452,0.36271335348437894,0.39659901355860722,0.24068763295701384
453,0.36204443325170299,0.40122477887861713,0.23673078786967997
454,0.36198582849651317,0.40992460645001361,0.22808956505347305
455,0.36246937204696927,0.41494659322547245,0.22258403472755822
456,0.36128016438973976,0.42552456051928733,0.2131952750909728
457,0.375262836173678,0.42830968346122578,0.19642748036509633
458,0.3711611932450592,0.42627419127345689,0.20256461548148388
459,0.37366693865453054,0.4271829722474611,0.19915008909800841
460,0.37472370547391315,0.43430905906101058,0.19096723546507635
461,0.37510387462360889,0.4473134075357062,0.17758271784068497
462,0.37494635803774828,0.46028681840274038,0.16476682355951139
463,0.38276853045244891,0.45441820904985791,0.16281326049769321
464,0.38064961316782536,0.45585318740800457,0.16349719942417013
465,0.38153508527920854,0.46426958537332857,0.1541953293474628
466,0.38440119482354251,0.48975883192528336,0.1258399732511741
467,0.37989901416217114,0.4786208103694149,0.14148017546841399
468,0.38921479977771106,0.47749242118106866,0.13329277904122031
469,0.38994665307068882,0.48396765862397206,0.1260856883053392
470,0.33989674430577976,0.36579996900559503,0.29430328668862538
471,0.33995518894499077,0.36543751383487999,0.29460729722012924
472,0.33835754192726109,0.36328147435258701,0.29836098372015191
473,0.33950449867571797,0.36432287181438072,0.29617262950990125
474,0.3371551937853759,0.36572504503920972,0.29711976117541439
475,0.33562491450271104,0.36850357774521547,0.29587150775207344
476,0.33650484588142654,0.36992061324492209,0.29357454087365131
477,0.33427627724537518,0.37015338247644636,0.29557034027817841
478,0.3432894662198594,0.39021415945463855,0.26649637432550199
479,0.34617455433717853,0.39504552208294069,0.25877992357988083
480,0.3426536553302143,0.39262439940471566,0.26472194526507009
481,0.34343138907767334,0.39268795500944065,0.26388065591288601
482,0.34415663965541266,0.40100779572359102,0.25483556462099632
483,0.34261410938062192,0.40596489176040568,0.2514209988589724
484,0.34035438536873885,0.41154529641275128,0.24810031821850978
485,0.3505312882884743,0.42225269953306616,0.22721601217845949
486,0.34616726086951605,0.42103576755598837,0.23279697157449558
487,0.35089447735878554,0.4251985633407343,0.22390695930048021
488,0.34666421307963113,0.43459465573404321,0.21874113118632565
489,0.34417269989236676,0.45113699646690208,0.20469030364073118
490,0.35034310456874651,0.45073689042661647,0.19892000500463702
491,0.35402474285124219,0.45637454235774272,0.18960071479101506
492,0.34875597316361062,0.47361214416903952,0.17763188266734986
493,0.34590248825503905,0.49202852109740131,0.16206899064755972
494,0.35587256137580936,0.49282602205093462,0.15130141657325596
495,0.35155361458892886,0.49076749897629512,0.15767888643477596
496,0.33271204119797809,0.34796060608466484,0.31932735271735718
497,0.33254186625846466,0.34703914086909116,0.32041899287244408
498,0.3328437074372233,0.34759127400160461,0.31956501856117209
499,0.33200729962742676,0.34536752613322397,0.32262517423934928
500,0.33112842135199261,0.34877462425246014,0.3200969543955472
501,0.33166492483007209,0.3489715993466358,0.31936347582329211
502,0.33028990987050488,0.34762428520658523,0.32208580492290995
503,0.32952110568813375,0.34931300915920876,0.32116588515265759
504,0.32975286682267391,0.34668469871955399,0.32356243445777211
505,0.33204704948015862,0.36076832906629963,0.3071846214535417
506,0.33328039789040853,0.35943467748221403,0.30728492462737739
507,0.33229918116977891,0.35994809432543851,0.30775272450478258
508,0.32883512199892651,0.36033914291921076,0.31082573508186268
509,0.33164123411220264,0.36261325583616183,0.30574551005163553
510,0.32870828074609687,0.36200977713503396,0.30928194211886934
511,0.32838564173189694,0.36346281882282805,0.30815153944527501
512,0.32709381890603478,0.36271828298822861,0.31018789810573666
513,0.32739193912583792,0.35798099723347182,0.31462706364069026
514,0.33476011354434743,0.38727466362293428,0.2779652228327183
515,0.33429673875224147,0.3852430564690783,0.28046020477868022
516,0.33201408972425522,0.38722989153443982,0.2807560187413049
517,0.33249816948890043,0.38941649799869038,0.27808533251240919
518,0.32997345528492539,0.39215425298004997,0.2778722917350247
519,0.32796727288583571,0.39430353262841683,0.27772919448574745
520,0.32753825339835602,0.40392280328075802,0.26853894332088607
521,0.33212436057205891,0.41204940115073896,0.25582623827720213
522,0.32947374151050907,0.411873825653987,0.25865243283550388
523,0.32922499302793157,0.41616303105499181,0.25461197591707646
524,0.32951406547805839,0.42541233795258676,0.24507359656935482
525,0.32497299993285317,0.42908918748853303,0.24593781257861375
526,0.32910640011702524,0.44889681017296273,0.22199678971001202
527,0.32470858333163299,0.45991285526268416,0.21537856140568279
528,0.3163903773792795,0.47036755031527178,0.21324207230544881
529,0.32286590785239061,0.4754101844959096,0.20172390765169973
530,0.31820180826653177,0.49364345431125023,0.18815473742221805
531,0.32599314734868445,0.35788564906132087,0.31612120358999479
532,0.326623084639943,0.35811023371866957,0.31526668164138749
533,0.32154151331986319,0.35441226097915507,0.32404622570098163
534,0.32390438701667656,0.35559887796707851,0.32049673501624498
535,0.32239996297923945,0.35765402515891881,0.31994601186184168
536,0.32146777925700259,0.35747229324157193,0.32105992750142542
537,0.32042871763242514,0.35612195963797277,0.32344932272960192
538,0.32099620749701835,0.35649190091365157,0.32251189158933008
539,0.31584888149841939,0.37390976666592279,0.31024135183565776
540,0.3167695750412623,0.37661401417411272,0.30661641078462493
541,0.3100084976775262,0.37955650679280534,0.31043499552966852
542,0.31142429390468501,0.37912092027552069,0.30945478581979424
543,0.30444589249096132,0.38703643965744972,0.30851766785158891
544,0.3069654492068965,0.37669779265005587,0.31633675814304762
545,0.31102594811460715,0.39622234717822058,0.29275170470717221
546,0.30850576766880206,0.39949647776016517,0.29199775457103289
547,0.30128157519582316,0.40271236873899513,0.29600605606518177
548,0.29670977504531704,0.4061480859688823,0.29714213898580061
549,0.29009163767749901,0.41461043812297882,0.29529792419952211
550,0.3000044969125063,0.42291818994810326,0.27707731313939044
551,0.29392645638179221,0.43052708950114998,0.2755464541170578
552,0.28402316151501261,0.43832177807495709,0.27765506041003035
553,0.28873620086619273,0.44908690093644094,0.26217689819736623
554,0.27961792056106322,0.45877901135087357,0.26160306808806322
555,0.27447821266815992,0.45931913644162137,0.26620265089021872
556,0.27401136660590225,0.47124843452295934,0.25474019887113841
557,0.32679011377257189,0.34371491271167104,0.32949497351575707
558,0.32629172542750279,0.34207963756148807,0.33162863701100909
559,0.32734666572584964,0.34352459191907997,0.32912874235507034
560,0.32592445475226056,0.34185562993585283,0.33221991531188666
561,0.32496003047427868,0.34303114828631426,0.332008821239407
562,0.32395435369791642,0.34270700068492371,0.33333864561715992
563,0.32365626713844275,0.34255963812274409,0.3337840947388131
564,0.32368851972854634,0.34086242403634831,0.33544905623510529
565,0.31961189782779215,0.35033760500245775,0.33005049716975016
566,0.32141246508439181,0.35335808570131477,0.32522944921429359
567,0.32134862722350249,0.35084835006309689,0.32780302271340062
568,0.31687932361333493,0.35134296819759481,0.33177770818907026
569,0.31750557723804107,0.35182884585771079,0.33066557690424808
570,0.31572598186404971,0.35262096310311686,0.33165305503283332
571,0.31589318260001786,0.35333578678158756,0.33077103061839447
572,0.31712405383149334,0.34888953029270037,0.33398641587580641
573,0.31035272333935326,0.36774705507873062,0.32190022158191628
574,0.30798285174731782,0.36907451973199984,0.32294262852068234
575,0.30429456600225102,0.37416961967407669,0.32153581432367223
576,0.29976074242523887,0.37220616547630664,0.32803309209845449
577,0.29716436884770142,0.38132284865696459,0.32151278249533399
578,0.30172060619345209,0.36890516617781183,0.32937422762873603
579,0.29744169806194598,0.38494559396008238,0.3176127079779717
580,0.2962475570699814,0.38415012644192742,0.31960231648809118
581,0.29028340367852845,0.3903607900548447,0.31935580626662685
582,0.28609708672676643,0.39720032482816553,0.31670258844506816
583,0.27765826824406409,0.40203993689834688,0.32030179485758897
584,0.28298655740503059,0.40451492735386574,0.3124985152411035
585,0.27457225808275931,0.41164847934384602,0.31377926257339472
586,0.26513095667576925,0.41912349082796585,0.31574555249626496
587,0.26272374721976044,0.41403358088137737,0.32324267189886219
588,0.2725935450596062,0.41289728487735372,0.31450917006304002
589,0.26686912678715413,0.42129523966796029,0.31183563354488553
590,0.31732607876684904,0.3492350666644024,0.33343885456874844
591,0.31782440415106156,0.34944034722025924,0.33273524862867926
592,0.31669801237702067,0.35046917765275687,0.33283280997022252
593,0.31651420072755726,0.3501420580777943,0.33334374119464838
594,0.31529397908828649,0.34770040639082372,0.33700561452088978
595,0.30944364550732761,0.34768948173386399,0.34286687275880834
596,0.31213374016099177,0.34803871408344184,0.33982754575556628
597,0.3136509270389844,0.35083522012113771,0.33551385283987795
598,0.30461362982605006,0.36372404095814725,0.33166232921580269
599,0.30203943836837432,0.36239090893540049,0.3355696526962253
600,0.29494589466614957,0.36371099904252013,0.34134310629133036
601,0.29792401459552331,0.36479276331878413,0.33728322208569261
602,0.29013925994566597,0.36961853751163781,0.34024220254269638
603,0.29141036213102378,0.36902199318623424,0.33956764468274203
604,0.29026640949512389,0.37893766976377813,0.33079592074109804
605,0.28707090165624516,0.37769567161931861,0.33523342672443618
606,0.27947033087494305,0.38011176465651614,0.34041790446854076
607,0.27764232228321833,0.38220718523136044,0.34015049248542117
608,0.26860834734772321,0.38912423539530816,0.34226741725696874
609,0.27194653599409924,0.39317027312656871,0.3348831908793321
610,0.2635046658282072,0.39656426095241815,0.33993107321937466
611,0.2548304090865785,0.39987386427726035,0.3452957266361612
612,0.250169038042383,0.39390420571191254,0.35592675624570447
613,0.26896478075375457,0.39606704550028204,0.33496817374596344
614,0.25238178797625704,0.40315467225272955,0.34446353977101346
615,0.32445596162013163,0.34212168181900782,0.3334223565608605
616,0.32459182994444946,0.33945200292612093,0.33595616712942966
617,0.32292363946667368,0.33967068211892076,0.33740567841440561
618,0.32187482747349361,0.33894763642084608,0.33917753610566015
619,0.32067692873036674,0.33770925356294018,0.34161381770669308
620,0.31848450551406926,0.33760662625921012,0.34390886822672068
621,0.31818668282103307,0.336052149445495,0.34576116773347204
622,0.31863949557647392,0.34092403885822042,0.34043646556530555
623,0.31567641547266218,0.34708384667040426,0.33723973785693351
624,0.31440741184749993,0.34596238452650824,0.33963020362599178
625,0.31441527261102953,0.3472379620829481,0.33834676530602242
626,0.31335390957467307,0.34561336794777969,0.34103272247754723
627,0.31036405916129295,0.34666285958270571,0.34297308125600134
628,0.30929258436596097,0.34686576620978932,0.34384164942424988
629,0.30706816175777518,0.34610722548887352,0.34682461275335125
630,0.30807081737926073,0.34514721875883603,0.34678196386190319
631,0.29934976217842862,0.35806374921380196,0.34258648860776941
632,0.29885614296733259,0.35779379739581296,0.34335005963685444
633,0.29193017366378471,0.35908016686861582,0.34898965946759958
634,0.28877041232001066,0.3578462133601083,0.35338337431988098
635,0.28150134572494118,0.36196595710343171,0.35653269717162722
636,0.27936197985142452,0.36328753084430593,0.35735048930426944
637,0.28057967902760017,0.36952435817242391,0.34989596279997581
638,0.27302726568821029,0.36812752713255792,0.3588452071792318
639,0.26750123575625573,0.3678319874362207,0.36466677680752368
640,0.25538645750502886,0.37246686170217769,0.37214668079279345
641,0.26547711854614703,0.37643644575135843,0.35808643570249449
642,0.25829225827250668,0.38166323904310584,0.36004450268438748
643,0.2457688277226526,0.38088334131330431,0.37334783096404306
644,0.24177759980218802,0.38037295567860985,0.37784944451920199
645,0.24716312712038349,0.38537119824211585,0.36746567463750068
646,0.3136664566325823,0.34449308601197021,0.34184045735544744
647,0.31397401431524541,0.34332481882794946,0.34270116685680502
648,0.31301579935482082,0.3428162808790296,0.34416791976614947
649,0.31003037293509345,0.34081133855270712,0.34915828851219943
650,0.30828249448774375,0.34234133722400062,0.34937616828825552
651,0.30518217397271541,0.3395793656047062,0.35523846042257834
652,0.30276076500413879,0.3367882277152271,0.36045100728063423
653,0.30700503299168791,0.33765384988793889,0.3553411171203732
654,0.2959446206945891,0.35143735396064457,0.35261802534476633
655,0.29467763089495846,0.35129649270005148,0.35402587640499006
656,0.2853728612579462,0.34957053909011482,0.3650565996519391
657,0.2833331879431697,0.3506166828295188,0.36605012922731145
658,0.27651105044702406,0.3495519975862223,0.37393695196675358
659,0.270658416591535,0.34952152075906179,0.37982006264940338
660,0.27580629620983499,0.35790334763325049,0.36629035615691441
661,0.26717871240006147,0.35906359764340695,0.37375768995653164
662,0.25804231441380365,0.35745307645021418,0.38450460913598217
663,0.24765117455646549,0.35640370593213189,0.39594511951140265
664,0.25537243617232425,0.34932506268098895,0.39530250114668686
665,0.25859540843462681,0.36433642386936638,0.37706816769600693
666,0.24667280749698148,0.36472076949049226,0.38860642301252624
667,0.23705749301389001,0.36436673466477093,0.39857577232133901
668,0.23567347778333958,0.35742246101613251,0.40690406120052797
669,0.23509560963400428,0.37108922481640849,0.39381516554958729
670,0.32211553296544732,0.33723199800888037,0.34065246902567237
671,0.32130377003545341,0.33719697173336072,0.34149925823118582
672,0.32035658734348232,0.33554271290173882,0.3441006997547788
673,0.31960246751982441,0.3344407742402995,0.34595675823987598
674,0.31976105714741082,0.33471739328030709,0.34552154957228215
675,0.31428480430911748,0.33255481162474482,0.35316038406613764
676,0.31118160230102343,0.32947183402990471,0.35934656366907186
677,0.31115409239355296,0.33235673564616963,0.35648917196027746
678,0.31431710702013849,0.33988593466741479,0.34579695831244672
679,0.31237445377499862,0.3402222705107259,0.34740327571427554
680,0.30985338007232321,0.34035589602559702,0.34979072390207983
681,0.30728716325084349,0.33865208278682812,0.35406075396232844
682,0.3047394612136653,0.33682287460444987,0.35843766418188483
683,0.30101197702523225,0.33525995384198715,0.36372806913278055
684,0.2990789616381524,0.33203041747909035,0.36889062088275715
685,0.29924771420561075,0.33484083616827748,0.36591144962611183
686,0.2925168022476563,0.3450204002231782,0.3624627975291656
687,0.28855685592246721,0.34325997764333788,0.36818316643419491
688,0.28320334721725332,0.34229665293880884,0.37449999984393784
689,0.27738457940908368,0.33832142466235327,0.38429399592856306
690,0.26958515651833254,0.33301194002978307,0.39740290345188445
691,0.26614183363968791,0.32954570619208112,0.40431246016823091
692,0.27096776842749476,0.34748043752343238,0.38155179404907286
693,0.2590961981454466,0.34402757507715032,0.39687622677740314
694,0.25433737020647373,0.34057924209169932,0.40508338770182706
695,0.24014357417172752,0.33833902218760648,0.42151740364066592
696,0.2528981390020692,0.34773443668117554,0.3993674243167552
697,0.23960224222035034,0.34469197543338603,0.41570578234626354
698,0.23014484733491439,0.34089377381715819,0.42896137884792745
699,0.23042022328597958,0.33030261264863076,0.43927716406538975
700,0.30878882700592658,0.337554792285361,0.35365638070871253
701,0.30917818754664722,0.33430295691335227,0.35651885554000057
702,0.30696412403888551,0.33404766859492874,0.35898820736618586
703,0.30686996353167834,0.33351385380440418,0.35961618266391759
704,0.30069841932520835,0.33140269682965107,0.36789888384514058
705,0.29620311348343936,0.32947429837494008,0.3743225881416205
706,0.29257666534400201,0.32432772758602074,0.38309560706997736
707,0.29348534808884363,0.31811311813656656,0.38840153377458986
708,0.28989472359332008,0.33586845093759538,0.37423682546908449
709,0.28470272074593184,0.33493314231124682,0.38036413694282123
710,0.27605746024730754,0.33264385698501781,0.39129868276767471
711,0.27221822574747939,0.32896535151999268,0.39881642273252799
712,0.26327670171795658,0.32278411880868113,0.41393917947336234
713,0.26402149807266834,0.31470376915058768,0.42127473277674404
714,0.26382215896615363,0.33368487555537552,0.4024929654784708
715,0.25422362305735635,0.33129811582303598,0.41447826111960767
716,0.24548597297529531,0.32225338578591339,0.43226064123879127
717,0.23270047723848952,0.32003471450493376,0.44726480825657683
718,0.2471344201279044,0.32714341665595575,0.42572216321613982
719,0.2320808769687949,0.32914643248676995,0.43877269054443524
720,0.21748055442183026,0.32193661904053333,0.46058282653763638
721,0.21486596057185361,0.31227542747470899,0.47285861195343737
722,0.32125703149367552,0.3336066865353613,0.34513628197096319
723,0.32096764370907371,0.33283734505079793,0.34619501124012825
724,0.32043270573754046,0.33291862022392654,0.34664867403853306
725,0.31667690186443953,0.33103857473687737,0.35228452339868327
726,0.31604804166866679,0.3290664583005713,0.35488550003076197
727,0.31262009152403475,0.32753364774502675,0.35984626073093845
728,0.31083098660257419,0.3249716970276863,0.36419731636973957
729,0.31338510703022832,0.32431666883928029,0.3622982241304914
730,0.31142170276721937,0.33404840602681951,0.35452989120596112
731,0.30926314681078332,0.3327119431959959,0.35802490999322079
732,0.30430982673494028,0.3303154058380392,0.36537476742702057
733,0.30283077338346814,0.33080289178959937,0.36636633482693254
734,0.30024118117072729,0.32682329707212138,0.37293552175715128
735,0.29197817541702026,0.32640059248588887,0.38162123209709087
736,0.28978554151166325,0.31987541504801031,0.39033904344032649
737,0.29184288268668745,0.32014650372021336,0.38801061359309913
738,0.28408047001980224,0.3296939292423795,0.38622560073781825
739,0.28184817313828031,0.328226529252448,0.38992529760927164
740,0.27768881253955841,0.32617877856643118,0.39613240889401041
741,0.26834335126178854,0.31715099358762633,0.41450565515058513
742,0.25692266254452273,0.31362021933387352,0.42945711812160364
743,0.2493675121406658,0.3005433090026447,0.45008917885668948
744,0.25992658285108922,0.32368523821226813,0.41638817893664259
745,0.24970918685921292,0.31712201967598008,0.43316879346480708
746,0.23976890660512618,0.31054749658138814,0.44968359681348563
747,0.2255895581991581,0.30195934336778296,0.47245109843305882
748,0.24610143456808983,0.32097790774756335,0.43292065768434684
749,0.2251853451252166,0.30757405684757905,0.46724059802720436
750,0.21407172864669405,0.29905151505961769,0.48687675629368826
751,0.20979865788988802,0.29200692007202067,0.49819442203809122
752,0.31158647013843477,0.33059494899827807,0.35781858086328716
753,0.30879877097166397,0.32934687817697256,0.36185435085136342
754,0.30549182849289097,0.32755059123281594,0.36695758027429304
755,0.30332825039295302,0.32628909052443583,0.37038265908261109
756,0.2971390090104975,0.32329990614254017,0.37956108484696238
757,0.29242853016596582,0.31975122380145937,0.38782024603257492
758,0.29029541633214462,0.31642010280669236,0.39328448086116302
759,0.29036581458363475,0.31636208756816298,0.39327209784820238
760,0.28399184280807072,0.32353438296769926,0.39247377422422997
761,0.27882419540631298,0.32017244288512786,0.40100336170855916
762,0.2740812676252169,0.31752557202638521,0.40839316034839773
763,0.26612351624772346,0.31315023536215247,0.42072624839012401
764,0.25495257340522481,0.3055420301931342,0.43950539640164099
765,0.25006222738664546,0.29304347956359511,0.45689429304975931
766,0.2579244031167624,0.31196245673973011,0.43011314014350749
767,0.24389351190212752,0.30515538692056454,0.45095110117730802
768,0.23381435512890661,0.29879405854083013,0.46739158633026312
769,0.22079694292831914,0.28626305836850685,0.49293999870317401
770,0.24321344841470274,0.30506236207147963,0.4517241895138176
771,0.21903261264266466,0.29310028490245327,0.48786710245488196
772,0.20660222734727027,0.28336282445331423,0.51003494819941553
773,0.20506146975621334,0.27171513484891624,0.52322339539487028
774,0.32299774477836091,0.33108388394456484,0.3459183712770742
775,0.32078219485827514,0.32934948028353495,0.34986832485818992
776,0.32131662066628613,0.33043643264634315,0.34824694668737077
777,0.31455865410531136,0.32490040247123708,0.3605409434234515
778,0.31515122009696755,0.3249713451909495,0.35987743471208294
779,0.31623744771153889,0.32714299210261971,0.3566195601858414
780,0.31188912948069902,0.32336355294230379,0.36474731757699724
781,0.30980432792313706,0.31725133079479972,0.37294434128206316
782,0.31505292359759907,0.33046846048696082,0.35447861591544011
783,0.31031773596348455,0.3263303280234866,0.36335193601302873
784,0.30870531556547265,0.32551865562167898,0.36577602881284821
785,0.30363800201557878,0.32305143820555943,0.37331055977886179
786,0.29815704282227923,0.3197320955526074,0.38211086162511337
787,0.29100063496317541,0.31489523974761102,0.3941041252892134
788,0.28830405023810873,0.31048235829654186,0.4012135914653493
789,0.28765272598025332,0.31061032710921316,0.40173694691053358
790,0.28520873105733296,0.31803526726421849,0.39675600167844849
791,0.27944885274918824,0.31277415261448865,0.40777699463632305
792,0.27583118323314615,0.31078859405667209,0.41338022271018177
793,0.26696566409615863,0.3047890504208513,0.42824528548299012
794,0.26056940153954261,0.29707019348056785,0.4423604049798896
795,0.2507579977956596,0.28301074229702489,0.46623125990731551
796,0.25826348786419628,0.30269168821992465,0.43904482391587896
797,0.25031783812222236,0.29760575408763057,0.45207640779014702
798,0.23301434753238667,0.28481129545592726,0.48217435701168609
799,0.22846859712059556,0.27547461524265709,0.49605678763674727
800,0.22160839382424666,0.26450751958330526,0.51388408659244811
801,0.23653528930917628,0.29024589310201654,0.47321881758880729
802,0.22418965052158363,0.27916539922991779,0.49664495024849847
803,0.21147712700085181,0.26769573535794433,0.52082713764120381
804,0.20739603938117773,0.25349101964477216,0.53911294097405016
805,0.31481774413426111,0.32670061423565966,0.35848164163007923
806,0.31349745765946202,0.32561215222921469,0.36089039011132334
807,0.30885398119242519,0.32208338310283646,0.36906263570473835
808,0.30552470681063892,0.31934930168689385,0.37512599150246723
809,0.29856174935410001,0.31640727929185281,0.38503097135404718
810,0.2938274966777617,0.31110191151391337,0.39507059180832504
811,0.28719786315037454,0.30512432239161213,0.40767781445801338
812,0.28375346953333302,0.29857647944048749,0.41767005102617949
813,0.28760658863336735,0.31293030151511014,0.39946310985152256
814,0.28324893594705697,0.31070647750616076,0.40604458654678233
815,0.27839533451685167,0.30626069670929912,0.41534396877384927
816,0.2705272398376562,0.30053689412468509,0.42893586603765871
817,0.2598231473082751,0.28770085135836193,0.45247600133336302
818,0.24957297668496189,0.27505895198031971,0.47536807133471837
819,0.25702779188850544,0.29398472811699977,0.44898747999449479
820,0.25073775874172749,0.2882150410015431,0.46104720025672952
821,0.24279308446951187,0.27829904862422222,0.47890786690626591
822,0.22618435225337774,0.26262248699593943,0.51119316075068277
823,0.22014404844071886,0.25151248071342974,0.52834347084585143
824,0.23492633630994689,0.27748478296318529,0.48758888072686785
825,0.23103035063305918,0.27408488972537309,0.4948847596415677
826,0.2168614543786439,0.25884531315090131,0.52429323247045478
827,0.20025524711260076,0.23740427552444848,0.56234047736295067
828,0.21536788692199965,0.25873325833768429,0.52589885474031595
829,0.20004001561676973,0.24709841712294461,0.55286156726028579
830,0.32491516472920434,0.32902316494562089,0.34606167032517476
831,0.32226822505771857,0.32714709503303102,0.3505846799092503
832,0.32199177899323123,0.32630088366289178,0.35170733734387694
833,0.32085279735443245,0.32605067130613313,0.35309653133943447
834,0.31844794271068794,0.32399562288576317,0.35755643440354884
835,0.31728369247065441,0.3227023096102028,0.3600139979191429
836,0.31165543025834413,0.31576951437149559,0.37257505537016022
837,0.31080891288945039,0.31684905826486348,0.37234202884568612
838,0.31762854770517224,0.3251489552401382,0.35722249705468956
839,0.31527126453851073,0.32325232087668054,0.36147641458480867
840,0.31218625793098825,0.32091138584778101,0.36690235622123085
841,0.30761823786098613,0.31883085431880764,0.37355090782020622
842,0.30435984889181866,0.31321542888696696,0.38242472222121432
843,0.2956095251751456,0.30947084759399612,0.39491962723085822
844,0.29025586834316952,0.30296009997465212,0.4067840316821783
845,0.28622682881977396,0.29786825566941566,0.41590491551081027
846,0.29121628628544699,0.30748193233365717,0.40130178138089578
847,0.28990964979643025,0.30613710690933266,0.4039532432942371
848,0.28439322314416626,0.30140377648026495,0.41420300037556873
849,0.27531239662701112,0.29273290103205535,0.43195470234093353
850,0.26295538520163225,0.28217866742040187,0.45486594737796582
851,0.25767199045526507,0.27143264819999652,0.47089536134473842
852,0.24977157061189806,0.26338279528060943,0.48684563410749254
853,0.26787146197499689,0.29077107212661663,0.44135746589838654
854,0.25802277120032785,0.28132687507576154,0.46065035372391061
855,0.24875326695376762,0.27345170839742,0.47779502464881235
856,0.23736513989500679,0.26027691579323448,0.50235794431175873
857,0.2296305070825661,0.24149359130963521,0.52887590160779863
858,0.24545696017683094,0.27117144068448629,0.48337159913868277
859,0.23705514642659217,0.26485579534348391,0.498089058229924
860,0.22528621276486457,0.25169466978245858,0.52301911745267682
861,0.20863833784102848,0.23507004681797442,0.55629161534099714
862,0.21708209636153722,0.24640247362914969,0.53651543000931301
863,0.21133414843290876,0.2393036478007888,0.54936220376630229
864,0.31884670995304404,0.32370199223087776,0.3574512978160781
865,0.31756802866894163,0.32198962714211687,0.36044234418894155
866,0.31563324192961556,0.32028590851352978,0.36408084955685471
867,0.31309221648377239,0.31636630608621241,0.3705414774300152
868,0.30612842845622845,0.31075200518859286,0.38311956635517885
869,0.30049122783136806,0.30596499083737916,0.39354378133125295
870,0.29301165903617005,0.29784381681147165,0.40914452415235819
871,0.28919630839592114,0.29177434903468213,0.41902934256939667
872,0.29688115454804215,0.30454595307423782,0.39857289237772003
873,0.29339969779659192,0.30283862366258113,0.40376167854082695
874,0.28899239937647542,0.29440217117502265,0.41660542944850187
875,0.28110070026806672,0.2901440165679281,0.42875528316400519
876,0.26949298440237707,0.27869928645999198,0.4518077291376309
877,0.26380749359726452,0.26619420073587963,0.46999830566685585
878,0.25995927152010184,0.26160505058850059,0.47843567789139757
879,0.28154831954193704,0.29321891113264209,0.42523276932542092
880,0.27313196065702328,0.28448627226845724,0.44238176707451959
881,0.26666485282665858,0.27450374933512867,0.45883139783821281
882,0.25659132752998309,0.26785323955613388,0.47555543291388314
883,0.24754421017391195,0.25414986065345185,0.49830592917263627
884,0.23437081074329102,0.23857789180384514,0.52705129745286383
885,0.25470489098557147,0.26569688109919559,0.47959822791523288
886,0.24609819895714144,0.25640707368878096,0.49749472735407763
887,0.23440507508175004,0.24503416636092548,0.52056075855732453
888,0.21880584824760965,0.22613266344892735,0.55506148830346302
889,0.22698052772652064,0.23944777481529106,0.53357169745818844
890,0.21353113528503312,0.22399808840029434,0.56247077631467257
891,0.19377014805763382,0.20621613357131915,0.60001371837104711
892,0.32798636352038707,0.32925817651207134,0.34275545996754164
893,0.32621775346983928,0.32773616900293034,0.34604607752723038
894,0.3237187587152151,0.32233720790148068,0.35394403338330421
895,0.32193996723404111,0.32310908572764679,0.3549509470383122
896,0.32169547496563128,0.32222600399276669,0.35607852104160204
897,0.31541718344170916,0.31471656322914748,0.3698662533291433
898,0.31202850127813264,0.31078323764712024,0.37718826107474701
899,0.31127978027820746,0.30800180487834855,0.38071841484344399
900,0.32181252469505855,0.32232996169859557,0.35585751360634588
901,0.32065932130653724,0.32215510880304121,0.35718556989042149
902,0.31756564505759916,0.3184319816789441,0.3640023732634568
903,0.3137953137803654,0.31482876160893386,0.37137592461070085
904,0.30969648287468549,0.30877091413509111,0.3815326029902234
905,0.30291729925705141,0.30098501130594219,0.39609768943700646
906,0.29742699748495088,0.29308803133721356,0.40948497117783567
907,0.30201257095267758,0.29179387723523642,0.40619355181208594
908,0.30342393969645409,0.30647782918501243,0.39009823111853342
909,0.30062875231558828,0.30265517249648544,0.39671607518792623
910,0.29515100889585877,0.29535300112991975,0.40949598997422154
911,0.28735049306104998,0.28641988152203707,0.42622962541691289
912,0.27889374318997923,0.27543114960445203,0.44567510720556874
913,0.26549648597495856,0.25954425239224505,0.4749592616327965
914,0.261733648560667,0.25275743147002189,0.48550891996931117
915,0.288761896867474,0.29161661118744014,0.41962149194508586
916,0.28323206475096829,0.28505958305023837,0.43170835219879328
917,0.27549686621089053,0.2748958901314732,0.44960724365763632
918,0.26602749114951674,0.26370514884145352,0.4702673600090298
919,0.25777347361132091,0.2530892671322732,0.48913725925640589
920,0.24135751458800911,0.23142231953523149,0.52722016587675946
921,0.26415707443109465,0.26499148133831846,0.470851444230587
922,0.25555489049367175,0.25478525665665347,0.48965985284967473
923,0.24653863850570099,0.24337492184007145,0.51008643965422762
924,0.23138439433850463,0.225793108320647,0.54282249734084842
925,0.22452448267316857,0.20706168024141069,0.5684138370854207
926,0.23638246400536714,0.23844531039518013,0.52517222559945276
927,0.22697053080118615,0.2227715737300657,0.55025789546874815
928,0.21409845384765838,0.20242563277411121,0.58347591337823035
929,0.21727645928915221,0.21191725356939087,0.57080628714145687
930,0.20184253803444058,0.19075011767947361,0.60740734428608578
931,0.32334550386569055,0.32211718226874869,0.3545373138655607
932,0.32315187156871056,0.32136274045139573,0.35548538797989376
933,0.32046513768350671,0.31745743287727873,0.36207742943921456
934,0.31830253998649755,0.31295260314471801,0.3687448568687845
935,0.31368807423009193,0.30802212346127367,0.3782898023086344
936,0.30969256976869775,0.30074978706260952,0.38955764316869279
937,0.30175326748574288,0.28547758070400625,0.41276915181025092
938,0.30061036668893348,0.28726129045217863,0.41212834285888783
939,0.30577167562997054,0.30092535994413305,0.39330296442589635
940,0.305254948949299,0.29703288844083314,0.39771216260986791
941,0.30468696340158424,0.29310800601070341,0.40220503058771245
942,0.29861005945583197,0.28840912032516475,0.41298082021900323
943,0.28803958714017164,0.27192796146645409,0.44003245139337432
944,0.27909554816735144,0.25777710388504388,0.46312734794760463
945,0.27272866793643419,0.24731895612601754,0.47995237593754819
946,0.30176212743398817,0.29457124113267125,0.40366663143334069
947,0.29201503483274954,0.27971695904863825,0.42826800611861232
948,0.28754316932189011,0.27238188199135005,0.44007494868675984
949,0.27998828247349267,0.26235109061694695,0.45766062690956039
950,0.27168557510392932,0.24805016521142234,0.48026425968464831
951,0.25965820726019301,0.22645287731782696,0.51388891542198001
952,0.25813481815026912,0.22282141635250344,0.51904376549722753
953,0.27988495355093002,0.26624171336888025,0.45387333308018962
954,0.27340245645758965,0.25100971107801157,0.47558783246439884
955,0.26402284405315585,0.24004469053334782,0.49593246541349628
956,0.25347563466751,0.22426677442117249,0.5222575909113174
957,0.24344386670758084,0.20528385204345628,0.55127228124896288
958,0.26369232627822969,0.24105415605218022,0.49525351766959003
959,0.24953360713777778,0.2210984028041359,0.52936799005808632
960,0.23785938364509662,0.20439760927031048,0.5577430070845929
961,0.22751103006999204,0.18704036432584764,0.58544860560416034
962,0.23774904163118091,0.20793966609689751,0.55431129227192155
963,0.22966694985947972,0.19279616162754193,0.57753688851297835
964,0.32842018256139716,0.32763763853617978,0.34394217890242307
965,0.32810869268812842,0.32682671172988004,0.3450645955819916
966,0.32764218187051786,0.3237955470246881,0.34856227110479393
967,0.32665125672921175,0.32096788304716833,0.35238086022361986
968,0.32618081802646165,0.32128802708618875,0.3525311548873496
969,0.32410391048162679,0.31758030646150509,0.35831578305686801
970,0.31746775425895368,0.31050899127961962,0.3720232544614267
971,0.31915570730193488,0.31119557810216764,0.36964871459589754
972,0.32560732065335024,0.3214057155713187,0.35298696377533106
973,0.32552961799339042,0.32017352904859858,0.354296852958011
974,0.32234160407113921,0.31760483470369366,0.36005356122516707
975,0.32073201284963265,0.31162558180691641,0.367642405343451
976,0.31886214105404104,0.30720739886113813,0.37393046008482095
977,0.31482599078151602,0.29960100194226291,0.38557300727622112
978,0.30991174368115137,0.29035865383999082,0.3997296024788578
979,0.31103175869036065,0.2908786200275823,0.39808962128205699
980,0.31392367671506927,0.30187781136505382,0.38419851191987697
981,0.31186262177962071,0.29791576081072646,0.39022161740965289
982,0.30892942853218075,0.29226550441561816,0.39880506705220092
983,0.30525290053019632,0.28401955140676671,0.41072754806303691
984,0.29861299592661333,0.27098364676260245,0.43040335731078416
985,0.29395588800258937,0.25957611903403816,0.44646799296337242
986,0.2925148888354237,0.25647995845394383,0.45100515271063235
987,0.30118513340351566,0.2797977158361557,0.41901715076032875
988,0.29757343911079698,0.27236065468189669,0.43006590620730628
989,0.29216652808596755,0.26089774663598808,0.44693572527804437
990,0.28725537798222256,0.24806294474275897,0.46468167727501847
991,0.27981288264722282,0.23339941043805054,0.48678770691472661
992,0.28449472836985734,0.23683553562703943,0.47866973600310336
993,0.29521368758982819,0.27009173920820928,0.43469457320196259
994,0.28780168812311069,0.25449016254805601,0.45770814932883325
995,0.28061128116474093,0.24059354169293176,0.47879517714232739
996,0.27486237066817198,0.22653946038657929,0.49859816894524878
997,0.26827254872576967,0.21376516698915904,0.51796228428507141
998,0.27999412921411965,0.24137668792581066,0.47862918286006972
999,0.27088359907637827,0.22295878212372436,0.50615761879989751
1000,0.2605887867038551,0.20315645183157724,0.53625476146456774
1001,0.32880704459154586,0.32321933082562287,0.34797362458283138
1002,0.3275372535730034,0.32014050539716715,0.35232224102982945
1003,0.32679594970808534,0.31793354741701818,0.35527050287489648
1004,0.32511371123463478,0.31202926062485004,0.36285702814051518
1005,0.32374567340952659,0.30990219251257545,0.36635213407789796
1006,0.32066151316921165,0.30119628992391151,0.37814219690687678
1007,0.31831712482914204,0.29410798349787787,0.38757489167298009
1008,0.32054435901353084,0.29479677673598526,0.3846588642504839
1009,0.32053496581821933,0.30338286335767944,0.37608217082410123
1010,0.31824367734587461,0.29811721560679338,0.3836391070473319
1011,0.3185726576021099,0.29257348757553991,0.3888538548223503
1012,0.31354910424719179,0.28659304842795985,0.39985784732484841
1013,0.31079345577593692,0.27427703746550058,0.41492950675856238
1014,0.30819482541647986,0.26382807899616806,0.42797709558735214
1015,0.30397508882376445,0.25732505104653175,0.43869986012970374
1016,0.31088547747209133,0.28194586459395615,0.40716865793395235
1017,0.30852794228855157,0.27482572594941673,0.41664633176203181
1018,0.30500435041160961,0.26337672310141891,0.43161892648697137
1019,0.30141354316494595,0.25318183480674755,0.4454046220283065
1020,0.30136950423315745,0.23994889336782807,0.45868160239901445
1021,0.30587608663084903,0.26805681793123814,0.42606709543791282
1022,0.30133010401981325,0.25704195450086886,0.44162794147931783
1023,0.2974389515237808,0.245432621761419,0.4571284267148002
1024,0.29910515239197916,0.23523276324157552,0.46566208436644529
1025,0.29151412542008948,0.22247003388171385,0.4860158406981967
1026,0.29804353420812324,0.24707278781476685,0.45488367797710982
1027,0.28952352636740603,0.22733758714257724,0.48313888649001685
1028,0.28824312787498657,0.21582617926373363,0.49593069286127989
1029,0.33199521450460168,0.32820204327666758,0.33980274221873069
1030,0.33136255105983164,0.32808137332420323,0.34055607561596496
1031,0.33062586463761318,0.32524459738618577,0.34412953797620105
1032,0.32980662211872458,0.32284350828610864,0.34734986959516673
1033,0.32944346549290349,0.32068886965281279,0.34986766485428372
1034,0.32822563062507037,0.31646554356233286,0.35530882581259671
1035,0.32703143103737686,0.30837512958887647,0.36459343937374661
1036,0.32943110376907947,0.31312341739923749,0.35744547883168293
1037,0.33063101995464339,0.32423248382883713,0.34513649621651954
1038,0.32850763478863071,0.31967124181275386,0.35182112339861543
1039,0.32839639043591395,0.31817066446329828,0.35343294510078788
1040,0.32764498089370103,0.31347968386699576,0.35887533523930326
1041,0.32956854177669087,0.31025520654543054,0.36017625167787864
1042,0.32685806662749123,0.30202172262380633,0.37112021074870255
1043,0.32254786183167788,0.29210244627559218,0.38534969189273005
1044,0.32183438455645497,0.28518726902063879,0.39297834642290613
1045,0.32726094201431805,0.30670211175597256,0.36603694622970939
1046,0.32510877898874319,0.3013425148232266,0.37354870618803021
1047,0.32243690966297522,0.29533776513315402,0.38222532520387081
1048,0.32457669975773701,0.28974455814909139,0.38567874209317143
1049,0.32171721280147098,0.27727443784241262,0.40100834935611646
1050,0.31673560900979564,0.26486707961526312,0.41839731137494124
1051,0.31600541837897272,0.27020387587400996,0.41379070574701726
1052,0.32349800884675312,0.28651782766032813,0.3899841634929187
1053,0.32040349983324229,0.27762461196621613,0.40197188820054158
1054,0.31907194438235637,0.27129413633020466,0.40963391928743886
1055,0.32033323379095041,0.25702858136391854,0.42263818484513099
1056,0.31674736738424369,0.24160030819687139,0.44165232441888491
1057,0.32479953707829029,0.25616069728106894,0.41903976564064083
1058,0.31668306009356623,0.27342930213523864,0.40988763777119502
1059,0.31710718806689603,0.26229145699147316,0.42060135494163081
1060,0.31411413839115515,0.25159212769403555,0.4342937339148093
1061,0.31172636277075022,0.23687077640865173,0.45140286082059822
1062,0.31056991070023049,0.22903973033651406,0.46039035896325547
1063,0.319618299296967,0.23859969368699471,0.4417820070160382
1064,0.30899420890313684,0.2266270494239023,0.46437874167296095
1065,0.33506734731698523,0.32573940885892588,0.33919324382408883
1066,0.33394915873401526,0.32311360974739195,0.34293723151859273
1067,0.33414273569111946,0.32049451895385828,0.3453627453550222
1068,0.33400747221012939,0.31661510914005303,0.34937741864981753
1069,0.33427115048493705,0.31343568353968815,0.3522931659753748
1070,0.3347652430692693,0.30498390625345451,0.3602508506772763
1071,0.33215393586564079,0.29433017053511257,0.37351589359924675
1072,0.33378606481571599,0.3006436002971567,0.36557033488712726
1073,0.33759979360542769,0.3083084026128966,0.35409180378167582
1074,0.33631159106913977,0.3045263502692464,0.35916205866161377
1075,0.33555017905646073,0.30057244320967524,0.36387737773386397
1076,0.33589171779459348,0.29523894305254988,0.36886933915285658
1077,0.33467602882117037,0.27931753011664961,0.38600644106218013
1078,0.33725197838913257,0.27390034904481853,0.38884767256604885
1079,0.33515462522819789,0.26859564041418721,0.39624973435761474
1080,0.3385640597268344,0.29862871330638135,0.3628072269667843
1081,0.33868717344990429,0.29174276381522224,0.36957006273487347
1082,0.33688213193778271,0.28307458186233836,0.38004328619987887
1083,0.33603845960769135,0.27421165514323814,0.38974988524907067
1084,0.33592411418678192,0.2631747390601254,0.40090114675309274
1085,0.3409413132957303,0.25100929331214267,0.40804939339212704
1086,0.34067975581415122,0.27854085325100958,0.38077939093483931
1087,0.33984559295945671,0.26986873361899166,0.39028567342155168
1088,0.33813275633300238,0.25865303444605797,0.4032142092209397
1089,0.33484896809001918,0.24723798764937724,0.41791304426060355
1090,0.33570543225720367,0.22797682648770631,0.43631774125508999
1091,0.33607607856959765,0.25820442385071046,0.40571949757969189
1092,0.33857980193903625,0.2448204928144255,0.41659970524653822
1093,0.34039285886904952,0.23345857218999025,0.42614856894096015
1094,0.33493406408576964,0.33023310170209286,0.33483283421213755
1095,0.33417084758488702,0.32847214183294998,0.337357010582163
1096,0.33420063716914022,0.32657417645765713,0.33922518637320265
1097,0.33366358358376785,0.32562712405089417,0.34070929236533803
1098,0.33517309189171129,0.32383949927116196,0.34098740883712675
1099,0.33658268436150801,0.32066942182131219,0.34274789381717985
1100,0.33532492689255294,0.319212847312078,0.345462225795369
1101,0.33864151411457494,0.31129534308299206,0.35006314280243295
1102,0.33763293684821716,0.32713225951519442,0.33523480363658853
1103,0.33797804646378521,0.32507524037820745,0.33694671315800739
1104,0.33620565313202017,0.32133011582646531,0.34246423104151447
1105,0.33722818241307234,0.31876115435323965,0.34401066323368801
1106,0.33824669833468757,0.31486021380163631,0.34689308786367617
1107,0.33883091407981597,0.30647906583700241,0.35469002008318168
1108,0.34014163081079712,0.30276495269676806,0.35709341649243487
1109,0.33889870454424875,0.29906766396260698,0.36203363149314416
1110,0.34180157673776362,0.31261190250349247,0.34558652075874391
1111,0.34240004026750764,0.30774524580102408,0.34985471393146828
1112,0.34356626386211719,0.30614743062481342,0.35028630551306944
1113,0.34365145881611248,0.29860289102143117,0.3577456501624563
1114,0.34509492109167256,0.28742751405323386,0.36747756485509359
1115,0.3457997552207101,0.27448971527855204,0.37971052950073786
1116,0.34740499395601254,0.27088833984914612,0.38170666619484134
1117,0.34937431167979682,0.29968222301281239,0.35094346530739079
1118,0.35007482271964763,0.2963666400266331,0.35355853725371933
1119,0.34950365433442027,0.28747469866679143,0.36302164699878825
1120,0.34924480796287199,0.28098305188386768,0.36977214015326038
1121,0.35420324751955939,0.2670216726087607,0.3787750798716798
1122,0.35216150804062452,0.25758358580971918,0.39025490614965636
1123,0.35560893391138798,0.28318116004897009,0.36120990603964204
1124,0.35709781797592954,0.27698219510359734,0.36591998692047312
1125,0.35676958468120007,0.26571763840183943,0.37751277691696061
1126,0.35661537223886691,0.25364183878373647,0.38974278897739667
1127,0.35853730697042596,0.23930294510168515,0.40215974792788883
1128,0.36158957423057714,0.26501091303248991,0.37339951273693295
1129,0.36266382281435378,0.25367969037223093,0.38365648681341519
1130,0.36206653708622272,0.24248465825559162,0.39544880465818566
1131,0.36646885023030856,0.24694500205866346,0.38658614771102806
1132,0.33982703093117889,0.32769645797355257,0.33247651109526855
1133,0.33890620694977508,0.325775232443485,0.33531856060673998
1134,0.33972923182905418,0.32537596036371946,0.33489480780722636
1135,0.34267712408564438,0.32075320013643227,0.33656967577792335
1136,0.34367975507585391,0.32132288189928965,0.33499736302485644
1137,0.34566324217596145,0.31210596274622526,0.3422307950778134
1138,0.34885477911360402,0.30455064488085715,0.34659457600553878
1139,0.34947504993436962,0.30297597728657244,0.34754897277905789
1140,0.35116089291283936,0.31733687853637071,0.33150222855078998
1141,0.35006463626101164,0.31447829750500106,0.3354570662339873
1142,0.35239549378079671,0.31077006194080947,0.33683444427839382
1143,0.35341459829382349,0.30511968602137474,0.34146571568480172
1144,0.36102492637385586,0.29801200764346436,0.34096306598267978
1145,0.36646203188530807,0.28561999236251007,0.34791797575218181
1146,0.35932108715587247,0.285053642862791,0.35562526998133648
1147,0.36208682156739214,0.30765044636593464,0.33026273206667317
1148,0.36186901662293702,0.30329633584124394,0.33483464753581899
1149,0.36317115904534164,0.29801176570444055,0.33881707525021793
1150,0.36644249003452928,0.28959048223903322,0.34396702772643739
1151,0.37150885190527921,0.28290686628749595,0.34558428180722489
1152,0.37515396401047857,0.27457133881545953,0.3502746971740619
1153,0.37208450748471666,0.29356267319635948,0.33435281931892397
1154,0.37403073845285439,0.28797977774622591,0.33798948380091964
1155,0.38453015123359141,0.28044447603246214,0.33502537273394645
1156,0.38404137393627519,0.26704175790597234,0.34891686815775247
1157,0.37696873014301091,0.28697232591567157,0.33605894394131741
1158,0.38433565931152913,0.27812786498301945,0.33753647570545137
1159,0.38856389250157825,0.26696272307083402,0.34447338442758779
1160,0.39144965885025929,0.2518127194018448,0.35673762174789597
1161,0.39302650933680616,0.27042795009077258,0.3365455405724212
1162,0.39591905914469816,0.25590826331169847,0.34817267754360337
1163,0.33828372458936556,0.33205258639718366,0.32966368901345083
1164,0.33789024785652882,0.33103959912014885,0.33107015302332227
1165,0.33765884433453447,0.32938542067227522,0.33295573499319031
1166,0.33906641335877108,0.3290860471742123,0.33184753946701673
1167,0.34074033493790123,0.32890328647918804,0.33035637858291073
1168,0.3435425060204052,0.32572748735074036,0.33073000662885454
1169,0.3431073983071451,0.32407964188308824,0.33281295980976655
1170,0.34260083280734777,0.3196342110323368,0.33776495616031538
1171,0.34245410084851735,0.33125823883971101,0.32628766031177175
1172,0.34240962998374225,0.32897778796833799,0.32861258204791982
1173,0.34428192017185122,0.32720892122739709,0.32850915860075175
1174,0.34817675040843571,0.32450789075582043,0.32731535883574381
1175,0.34698937494744558,0.32200422207525825,0.33100640297729617
1176,0.3525128120502668,0.31878247355280481,0.32870471439692828
1177,0.3587466328600864,0.31197230916426116,0.32928105797565255
1178,0.35749828385170146,0.31076174061656192,0.33173997553173656
1179,0.35636461865883529,0.32196303554825861,0.32167234579290616
1180,0.3592142776878075,0.31936075385632146,0.32142496845587104
1181,0.36251440152186482,0.31704910655805013,0.32043649192008505
1182,0.36749271081700463,0.31147675020513066,0.3210305389778646
1183,0.37479801449568539,0.30620388961530171,0.3189980958890129
1184,0.38251775033603186,0.29145557022015084,0.3260266794438173
1185,0.37698914024730318,0.29597580455686917,0.32703505519582771
1186,0.37222070837088567,0.31580516982914481,0.31197412179996964
1187,0.37552650097197454,0.31271646334293207,0.3117570356850935
1188,0.38107352402810091,0.3090144602881853,0.30991201568371374
1189,0.38412147607418834,0.30180728452525668,0.31407123940055498
1190,0.39382960889119439,0.29203127388451849,0.31413911722428711
1191,0.39592367478726009,0.28394248967151664,0.32013383554122321
1192,0.38771486151639772,0.30248515035845464,0.30979998812514764
1193,0.39250094070598551,0.29919561939072842,0.30830343990328596
1194,0.40604455330624212,0.29337855347127673,0.30057689322248127
1195,0.41588552365389636,0.28294970266962477,0.30116477367647881
1196,0.40722386844580349,0.2917641684033685,0.30101196315082812
1197,0.42055385399815048,0.28466547998549696,0.29478066601635255
1198,0.43196800741959762,0.27357728065017745,0.29445471193022488
1199,0.43268453059981832,0.28037701607793752,0.28693845332224421
1200,0.43922190802400768,0.26752149169326123,0.29325660028273109
1201,0.34399586317620706,0.33052665036329093,0.32547748646050195
1202,0.34406763776678645,0.32971689950839439,0.32621546272481916
1203,0.3459531954130704,0.32872234035461878,0.32532446423231087
1204,0.34893646669090361,0.3278203117589662,0.32324322155013024
1205,0.35356278284941312,0.32622755465388231,0.32020966249670446
1206,0.35874023118787679,0.32281515465222177,0.31844461415990133
1207,0.36661073125209531,0.31519439467254912,0.31819487407535563
1208,0.35783118479130965,0.31328245600257754,0.32888635920611287
1209,0.36305000703853946,0.32640699558844988,0.31054299737301067
1210,0.36369819488558902,0.32503927251408637,0.3112625326003246
1211,0.36813631267619157,0.32183475444329707,0.31002893288051131
1212,0.3758451999498218,0.31825823152678795,0.30589656852339026
1213,0.38502600163115125,0.31320449216866675,0.301769506200182
1214,0.39356822188875251,0.30101704467186696,0.30541473343938053
1215,0.38454434217685907,0.3049789584903968,0.31047669933274402
1216,0.38085812316506995,0.32129234125830508,0.29784953557662502
1217,0.38266839482133824,0.31874216430258234,0.29858944087607953
1218,0.38905923496209166,0.31490453605856156,0.29603622897934673
1219,0.39957142218779318,0.31030703680694938,0.29012154100525739
1220,0.40957894036261766,0.30298335245235769,0.28743770718502454
1221,0.41708639926589341,0.29267230263491867,0.29024129809918797
1222,0.40539621565483186,0.31531354630949843,0.2792902380356696
1223,0.40932085992645156,0.31131732714823923,0.27936181292530937
1224,0.42032723198453847,0.30274525128020718,0.27692751673525423
1225,0.43330872785204627,0.29315322350036027,0.27353804864759346
1226,0.42673196343242464,0.30349085499094486,0.26977718157663055
1227,0.44356760746006552,0.29391433763816283,0.26251805490177166
1228,0.45921096580951842,0.2858441351836612,0.25494489900682044
1229,0.45886491513550187,0.28758125421464426,0.25355383064985387
1230,0.46410204266554789,0.27847685327555416,0.25742110405889795
1231,0.33835479921009282,0.33423602222868198,0.32740917856122526
1232,0.33829651202745381,0.33180390472155363,0.32989958325099256
1233,0.34047999964904074,0.33205742910187624,0.32746257124908285
1234,0.34126285839615095,0.33083161040747511,0.32790553119637389
1235,0.3426337547581253,0.32957619769883889,0.32779004754303592
1236,0.34652893163437298,0.32912500581120901,0.324346062554418
1237,0.34664737297315412,0.32449590787643551,0.32885671915041031
1238,0.34941685704295633,0.32564229590841265,0.32494084704863097
1239,0.34257121357014825,0.33271700278650584,0.32471178364334591
1240,0.34380587920176903,0.33288855855525862,0.32330556224297236
1241,0.3692893190851414,0.32861799422108234,0.30209268669377626
1242,0.35313461599340723,0.33105687769832937,0.31580850630826346
1243,0.35398545403755283,0.32821362169697488,0.3178009242654723
1244,0.36367617144435643,0.32579797840213814,0.31052585015350531
1245,0.36978533298756089,0.32215155123032857,0.30806311578211049
1246,0.37623892457763686,0.31956143903354023,0.30419963638882291
1247,0.36854813138168557,0.33181399151242563,0.29963787710588885
1248,0.3692893190851414,0.32861799422108234,0.30209268669377626
1249,0.37461675543790851,0.32653191767846484,0.29885132688362664
1250,0.38219965352430824,0.32449634316468184,0.29330400331100998
1251,0.39230015025389348,0.32012610506033856,0.28757374468576802
1252,0.40346040466266947,0.31458259542374883,0.28195699991358175
1253,0.39562980146844923,0.30393531137433705,0.30043488715721367
1254,0.38736181936817493,0.32671203770958424,0.28592614292224083
1255,0.39220994919308261,0.32644820176138206,0.28134184904553527
1256,0.4011963442352503,0.32437077423233512,0.27443288153241446
1257,0.41490902006638936,0.32565082976861842,0.25944015016499233
1258,0.42093467642482213,0.31424921543119017,0.26481610814398776
1259,0.430671754570915,0.3051648425596179,0.2641634028694671
1260,0.41226293114340584,0.32250776639170742,0.2652293024648868
1261,0.42113068877624565,0.31996668680164048,0.25890262442211393
1262,0.43501002368463443,0.31334895056584527,0.25164102574952035
1263,0.45219283506874125,0.30439322032156457,0.24341394460969429
1264,0.44113573555140706,0.31454685884040423,0.24431740560818865
1265,0.45863449694624098,0.30744624478509536,0.23391925826866361
1266,0.4783685823837252,0.29796893384200102,0.22366248377427389
1267,0.48127324245741804,0.30287317347387432,0.21585358406870761
1268,0.49400812494598595,0.29230599019679426,0.21368588485721976
